IxBoxBox.o,__static_initialization_and_destruction_0,159,20,true,false,false,false,false,false,0
IxBoxBox.o,McdBoxBoxIntersect,1155,121,true,false,false,false,true,true,1
IxBoxBox.o,McdBoxBoxSafeTime,2598,220,true,false,false,false,true,true,0
IxBoxBox.o,McdBoxBoxRegisterInteraction,74,17,true,false,false,false,false,false,1
IxBoxBox.o,McdVanillaOverlapOBBs,2301,290,true,false,false,false,true,false,2
IxBoxBox.o,BoxBoxIntersect,382,51,true,false,false,false,true,false,0
IxBoxBox.o,McdVanillaBoxEdgeBoxIntersect,4356,354,true,false,false,false,true,false,0
IxBoxBox.o,McdVanillaSegmentCubeIntersect,496,75,true,false,false,false,true,false,0
IxBoxBox.o,_GLOBAL__I_McdBoxBoxIntersect,25,9,true,false,false,false,false,false,1
keaMemory.o,keaPushPoolFrame,30,11,true,false,false,false,false,true,2
keaMemory.o,keaPopPoolFrame,30,11,true,false,false,false,false,true,2
keaMemory.o,initPool,35,12,true,false,false,false,false,false,1
keaMemory.o,keaPoolAlloc,103,22,true,false,false,false,true,false,1
keaMemory.o,vanillaAllocateMemory,1255,212,true,false,false,false,true,true,3
keaMemory.o,allocateMemory,51,25,true,false,false,false,false,false,0
keaMemory.o,MdtKeaMemoryRequired,2226,470,true,false,false,false,true,false,0
keaIntegrate_pc.o,KeaIntegrateSystem_vanilla,1550,171,true,false,false,false,true,false,0
keaIntegrate_pc.o,MdtKeaIntegrateSystem,58,22,true,false,false,false,true,false,0
IxSphylPrimitives.o,AccumulateSphylContacts,612,73,true,false,false,false,false,false,0
IxSphylPrimitives.o,McdSphylPlaneIntersect,1037,117,true,false,false,false,true,false,0
IxSphylPrimitives.o,McdSphylPlaneRegisterInteraction,74,17,true,false,false,false,false,false,1
IxSphylPrimitives.o,McdSphylSphereIntersect,795,108,true,false,false,false,true,false,0
IxSphylPrimitives.o,McdSphylSphereRegisterInteraction,74,17,true,false,false,false,false,false,1
IxSphylPrimitives.o,McdSphylSphylIntersect,916,111,true,false,false,false,true,false,0
IxSphylPrimitives.o,McdSphylSphylRegisterInteraction,74,17,true,false,false,false,false,false,1
IxSphylPrimitives.o,McdSphylBoxIntersect,4359,472,true,false,false,false,true,false,3
IxSphylPrimitives.o,McdSphylBoxRegisterInteraction,74,17,true,false,false,false,false,false,1
IxSphylPrimitives.o,McdSphylCylinderIntersect,5627,498,true,false,false,false,true,false,0
IxSphylPrimitives.o,McdSphylCylinderRegisterInteraction,74,17,true,false,false,false,false,false,1
IxSphylPrimitives.o,McdSphylTriangleListIntersect,951,251,true,false,false,false,true,true,1
IxSphylPrimitives.o,McdSphylTriangleListRegisterInteraction,74,17,true,false,false,false,false,false,1
IxSphylPrimitives.o,LineSphere,387,57,true,false,false,false,true,false,0
IxSphylPrimitives.o,IxSphylLineSegment,1698,166,true,false,false,false,true,false,0
IxSphylPrimitives.o,McdSphylLineSegmentRegisterInteraction,29,9,true,false,false,false,false,false,1
IxSphylPrimitives.o,MeVector3Normalize,120,32,true,false,false,false,true,false,0
IxSphylPrimitives.o,GenerateTriangleContact,4857,368,true,false,false,false,true,false,1
keaLCP_new.o,checkForCycles,529,125,true,false,false,false,true,false,0
keaLCP_new.o,solveLCP,845,256,true,false,false,false,true,true,0
McdBatch.o,McdBatchFlattenAggregate,978,168,true,false,false,false,true,false,1
McdBatch.o,McdBatchFlatten,1330,226,true,false,false,false,true,true,0
McdBatch.o,McdBatchIntersectBucket,622,92,true,false,false,false,true,true,0
McdBatch.o,McdBatchUnflattenAggregate,475,97,true,false,false,false,true,false,1
McdBatch.o,McdBatchUnflatten,546,111,true,false,false,false,true,false,1
McdBatch.o,McdBatchContextCreate,385,65,true,false,false,false,true,true,1
McdBatch.o,McdBatchContextReset,14,7,true,false,false,false,false,false,0
McdBatch.o,McdBatchContextDestroy,198,32,true,false,false,false,true,true,1
McdBatch.o,McdBatchIntersectEach,305,84,true,false,false,false,true,false,0
McdBatch.o,MeVector3Normalize,120,32,true,false,false,false,true,false,0
McdBatch.o,McdBatchTest,106,35,true,false,false,false,true,false,0
IxBoxSphere.o,McdBoxSphereIntersect,869,86,true,false,false,false,true,true,1
IxBoxSphere.o,McdBoxSphereSafeTime,223,53,true,false,false,false,true,true,0
IxBoxSphere.o,McdBoxSphereRegisterInteraction,74,17,true,false,false,false,false,false,1
IxBoxSphere.o,McdVanillaOverlapOBBSphere,940,153,true,false,false,false,true,false,0
McdConvexMesh.o,McdConvexMeshGetTypeId,10,8,true,false,false,false,false,false,1
McdConvexMesh.o,McdConvexMeshRegisterType,59,12,true,false,false,false,false,false,1
McdConvexMesh.o,MeBoundingSphereCalc2,1386,184,true,false,false,false,true,false,0
McdConvexMesh.o,McdConvexMeshCreate,123,27,true,false,false,false,true,false,1
McdConvexMesh.o,McdConvexMeshCreateHull,162,36,true,false,false,false,true,false,2
McdConvexMesh.o,McdConvexMeshSetPolyhedron,23,9,true,false,false,false,false,false,1
McdConvexMesh.o,McdConvexMeshDestroy,36,9,true,false,false,false,true,false,0
McdConvexMesh.o,McdConvexMeshUpdateAABB,1167,145,true,false,false,false,true,false,1
McdConvexMesh.o,McdConvexMeshGetBSphere,41,11,true,false,false,false,true,false,0
McdConvexMesh.o,McdConvexMeshMaximumPoint,32,9,true,false,false,false,false,false,1
McdConvexMesh.o,McdConvexMeshMeshGetTypeId,10,8,true,false,false,false,false,false,1
McdConvexMesh.o,McdConvexMeshGetPolygonVertexCount,18,12,true,false,false,false,true,false,1
McdConvexMesh.o,McdConvexMeshGetPolyhedron,11,8,true,false,false,false,false,false,1
McdConvexMesh.o,McdConvexMeshGetPolygonVertex,55,15,true,false,false,false,true,true,0
McdConvexMesh.o,McdConvexMeshGetPolygonVertexPtr,18,10,true,false,false,false,true,false,0
McdConvexMesh.o,McdConvexMeshGetFatness,11,7,true,false,false,false,true,false,0
McdConvexMesh.o,McdConvexMeshGetPolygonNormal,36,13,true,false,false,false,true,false,0
McdConvexMesh.o,McdConvexMeshGetPolygonCount,11,7,true,false,false,false,true,false,0
IxCylinderSphere.o,OverlapCylSphere,804,107,true,false,false,false,true,false,0
IxCylinderSphere.o,McdCylinderSphereIntersect,908,90,true,false,false,false,true,true,1
IxCylinderSphere.o,McdCylinderSphereSafeTime,294,59,true,false,false,false,true,true,0
IxCylinderSphere.o,McdCylinderSphereRegisterInteraction,74,17,true,false,false,false,false,false,1
keaCalcAcceleration_vanilla.o,calculateAcceleration,201,44,true,false,false,false,true,false,0
ReadWriteKeaInputToFile.o,writeIntArrayToFile,354,57,true,false,false,false,true,true,0
ReadWriteKeaInputToFile.o,writeMdtKeaBodyIndexPairArrayToFile,379,62,true,false,false,false,true,true,0
ReadWriteKeaInputToFile.o,writeFloatArrayToFile,354,57,true,false,false,false,true,true,0
ReadWriteKeaInputToFile.o,writeFloatVec4ToFile,176,21,true,false,false,false,true,false,0
ReadWriteKeaInputToFile.o,writeFloatToFile,85,14,true,false,false,false,true,false,0
ReadWriteKeaInputToFile.o,writeIntToFile,85,14,true,false,false,false,true,false,0
ReadWriteKeaInputToFile.o,readIntArrayFromFile,443,65,true,false,false,false,false,true,1
ReadWriteKeaInputToFile.o,readMdtKeaBodyIndexPairArrayFromFile,462,62,true,false,false,false,false,false,0
ReadWriteKeaInputToFile.o,readFloatArrayFromFile,443,62,true,false,false,false,false,true,1
ReadWriteKeaInputToFile.o,readFloatVec4FromFile,185,18,true,false,false,false,true,false,0
ReadWriteKeaInputToFile.o,readFloatFromFile,75,11,true,false,false,false,false,false,0
ReadWriteKeaInputToFile.o,readIntFromFile,75,11,true,false,false,false,false,false,0
ReadWriteKeaInputToFile.o,writeKeaInputToFile,10936,882,true,false,false,false,true,true,2
ReadWriteKeaInputToFile.o,readKeaInputFromFile,10923,868,true,false,false,false,true,true,1
ReadWriteKeaInputToFile.o,writeLambdaToFile,402,67,true,false,false,false,true,true,2
ReadWriteKeaInputToFile.o,checkPrintDebugInput,106,38,true,false,false,false,false,false,1
McdModelPairContainer.o,McdModelPairContainerCreate,77,22,true,false,false,false,true,false,1
McdModelPairContainer.o,McdModelPairContainerInit,42,13,true,false,false,false,false,false,0
McdModelPairContainer.o,McdModelPairContainerReset,34,14,true,false,false,false,false,false,0
McdModelPairContainer.o,McdModelPairContainerDestroy,38,10,true,false,false,false,false,false,1
McdModelPairContainer.o,McdModelPairContainerGetGoodbyeCount,11,6,true,false,false,false,false,false,0
McdModelPairContainer.o,McdModelPairContainerGetHelloCount,16,6,true,false,false,false,false,false,0
McdModelPairContainer.o,McdModelPairContainerGetStayingCount,16,6,true,false,false,false,false,false,0
McdModelPairContainer.o,McdModelPairContainerInsertHelloPair,39,15,true,false,false,false,false,false,0
McdModelPairContainer.o,McdModelPairContainerInsertGoodbyePair,42,15,true,false,false,false,false,false,0
McdModelPairContainer.o,McdModelPairContainerInsertStayingPair,59,19,true,false,false,false,false,false,0
McdModelPairContainer.o,McdModelPairContainerRemovePair,113,32,true,false,false,false,true,false,0
McdModelPairContainer.o,McdModelPairContainerGetGoodbyeArray,18,7,true,false,false,false,false,false,0
McdModelPairContainer.o,McdModelPairContainerGetHelloArray,29,7,true,false,false,false,false,false,0
McdModelPairContainer.o,McdModelPairContainerGetStayingArray,29,7,true,false,false,false,false,false,0
McdModelPairContainer.o,McdModelPairContainerIteratorInit,19,9,true,false,false,false,false,false,0
keaCalcJinvMandRHS_vanilla.o,calcJinvMandRHS,402,88,true,false,false,false,true,false,0
keaCalcJinvMandRHS_vanilla.o,Multiply46BlockByMBlock,282,59,true,false,false,false,true,false,0
keaCalcJinvMandRHS_vanilla.o,Multiply46BlockBy61Vector,336,69,true,false,false,false,true,false,0
McdPlaneIntersect.o,McdBoxGetSlice,1040,147,true,false,false,false,true,false,1
McdPlaneIntersect.o,McdConvexMeshPlaneCut,1132,156,true,false,false,false,true,false,0
McdPlaneIntersect.o,McdConvexMeshGetSlice,259,36,true,false,false,false,true,false,0
McdPlaneIntersect.o,McdCylinderGetSlice,2797,296,true,false,false,false,true,false,0
McdPlaneIntersect.o,McdGeometryInstanceGetSlice,267,56,true,false,false,false,true,false,0
McdPlaneIntersect.o,McdPlaneIntersectTest,710,108,true,false,false,false,true,false,0
McdPlaneIntersect.o,McdPlaneIntersect,75,25,true,false,false,false,true,false,0
McdPlaneIntersect.o,MeVector3Normalize,120,32,true,false,false,false,true,false,0
McdGjkMaximumPoint.o,McdGjkFatness,44,27,true,false,false,false,true,false,0
McdGjkMaximumPoint.o,McdBoxMaximumPointNew,321,39,true,false,false,false,true,false,0
McdGjkMaximumPoint.o,McdConvexMeshMaximumPointLocal,528,104,true,false,false,false,true,true,0
McdGjkMaximumPoint.o,McdConvexMeshMaximumPointNew,257,35,true,false,false,false,true,false,0
McdGjkMaximumPoint.o,McdGjkMaximumPoint,754,114,true,false,false,false,true,false,0
IxSpherePlane.o,McdSpherePlaneIntersect,417,73,true,false,false,false,true,true,0
IxSpherePlane.o,McdSpherePlaneSafeTime,418,75,true,false,false,false,true,true,1
IxSpherePlane.o,McdSpherePlaneRegisterInteraction,74,17,true,false,false,false,false,false,1
MdtMainLoop.o,MdtAutoDisableLastPartition,355,76,true,false,false,false,true,true,0
MdtMainLoop.o,MdtUpdateBodyForces,515,70,true,false,false,false,true,false,0
MdtMainLoop.o,MdtPackAllPartitions,1892,287,true,false,false,false,true,false,0
MdtMainLoop.o,MdtPackPartition,1860,297,true,false,false,false,true,false,0
MdtMainLoop.o,MdtUnpackForces,808,122,true,false,false,false,true,true,1
MdtMainLoop.o,MdtKeaConstraintsCreateFromChunk,696,132,true,false,false,false,true,false,0
MdtMainLoop.o,MdtDefaultSimErrorCallBack,774,100,true,false,false,false,true,false,0
MdtMainLoop.o,MdtUnpackBodies,89,28,true,false,false,false,true,true,0
MdtMainLoop.o,MdtPartitionGetSafeTime,282,62,true,false,false,false,true,false,0
MdtBody.o,MdtBodyReset,786,146,true,false,false,false,true,false,0
MdtBody.o,MdtBodyDisable,132,21,true,false,false,false,false,true,0
MdtBody.o,MdtBodyIsEnabled,17,6,true,false,false,false,false,false,0
MdtBody.o,MdtBodyCreate,225,34,true,false,false,false,true,false,1
MdtBody.o,MdtBodyDestroy,204,42,true,false,false,false,true,true,2
MdtBody.o,MdtBodyCopy,244,37,true,false,false,false,true,false,1
MdtBody.o,MdtBodyGetWorld,14,6,true,false,false,false,false,false,0
MdtBody.o,MdtBodyGetPartition,14,6,true,false,false,false,false,false,0
MdtBody.o,MdtBodyGetTransformPtr,13,8,true,false,false,false,false,false,1
MdtBody.o,MdtBodyGetTransform,115,22,true,false,false,false,false,false,0
MdtBody.o,MdtBodyGetUserData,14,6,true,false,false,false,false,false,0
MdtBody.o,MdtBodyGetMass,14,6,true,false,false,false,false,false,0
MdtBody.o,MdtBodyGetInertiaTensor,73,16,true,false,false,false,true,false,0
MdtBody.o,MdtBodyGetPosition,37,9,true,false,false,false,false,false,0
MdtBody.o,MdtBodyGetQuaternion,43,10,true,false,false,false,false,false,0
MdtBody.o,MdtBodyGetOrientation,73,15,true,false,false,false,false,false,0
MdtBody.o,MdtBodyGetLinearVelocity,37,9,true,false,false,false,false,false,0
MdtBody.o,MdtBodyGetLinearVelocityPtr,13,8,true,false,false,false,false,false,1
MdtBody.o,MdtBodyGetAngularVelocity,37,9,true,false,false,false,false,false,0
MdtBody.o,MdtBodyGetAngularVelocityPtr,13,8,true,false,false,false,false,false,1
MdtBody.o,MdtBodyGetVelocityAtPoint,144,26,true,false,false,false,false,false,0
MdtBody.o,MdtBodyGetLinearAcceleration,37,9,true,false,false,false,false,false,0
MdtBody.o,MdtBodyGetAngularAcceleration,37,9,true,false,false,false,false,false,0
MdtBody.o,MdtBodyGetFastSpinAxis,37,9,true,false,false,false,false,false,0
MdtBody.o,MdtBodyGetLinearVelocityDamping,14,6,true,false,false,false,false,false,0
MdtBody.o,MdtBodyGetAngularVelocityDamping,14,6,true,false,false,false,false,false,0
MdtBody.o,MdtBodyGetForce,31,9,true,false,false,false,false,false,0
MdtBody.o,MdtBodyGetTorque,31,9,true,false,false,false,false,false,0
MdtBody.o,MdtBodyGetKineticEnergy,192,26,true,false,false,false,true,false,0
MdtBody.o,MdtBodyGetFirst,33,17,true,false,false,false,true,false,1
MdtBody.o,MdtBodyGetNext,46,15,true,false,false,false,true,false,0
MdtBody.o,MdtBodyGetEnabledTime,14,6,true,false,false,false,false,false,0
MdtBody.o,MdtBodyGetCenterOfMassRelativeTransform,176,27,true,false,false,false,false,false,0
MdtBody.o,MdtBodyGetCenterOfMassRelativePosition,37,9,true,false,false,false,false,false,0
MdtBody.o,MdtBodyGetCenterOfMassPosition,132,12,true,false,false,false,false,false,0
MdtBody.o,MdtBodyGetCenterOfMassTransformPtr,13,8,true,false,false,false,false,false,1
MdtBody.o,MdtBodyGetSafeTime,14,6,true,false,false,false,false,false,0
MdtBody.o,MdtBodyGetSortKey,14,6,true,false,false,false,false,false,0
MdtBody.o,MdtBodySetUserData,17,7,true,false,false,false,false,false,0
MdtBody.o,MdtBodySetTransform,36,16,true,false,false,false,false,false,0
MdtBody.o,MdtBodySetPosition,42,10,true,false,false,false,false,false,0
MdtBody.o,MdtBodySetOrientation,82,16,true,false,false,false,false,false,0
MdtBody.o,MdtBodySetQuaternion,404,59,true,false,false,false,true,false,0
MdtBody.o,MdtBodySetLinearVelocity,35,9,true,false,false,false,false,false,0
MdtBody.o,MdtBodySetAngularVelocity,35,9,true,false,false,false,false,false,0
MdtBody.o,MdtBodySetLinearVelocityDamping,17,7,true,false,false,false,false,false,0
MdtBody.o,MdtBodySetAngularVelocityDamping,17,7,true,false,false,false,false,false,0
MdtBody.o,MdtBodySetFastSpinAxis,63,11,true,false,false,false,false,false,0
MdtBody.o,MdtBodySetNoFastSpinAxis,17,7,true,false,false,false,false,false,0
MdtBody.o,MdtBodySetMass,26,8,true,false,false,false,false,false,0
MdtBody.o,MdtBodySetInertiaTensor,599,83,true,false,false,false,true,false,0
MdtBody.o,MdtBodySetSphericalInertiaTensor,350,45,true,false,false,false,true,false,0
MdtBody.o,MdtBodySetCenterOfMassRelativePosition,119,20,true,false,false,false,false,false,0
MdtBody.o,MdtBodySetCenterOfMassPosition,251,32,true,false,false,false,false,false,0
MdtBody.o,MdtBodySetCenterOfMassRelativeTransform,130,20,true,false,false,false,false,false,0
MdtBody.o,MdtBodySetSafeTime,17,7,true,false,false,false,false,false,0
MdtBody.o,MdtBodySetSortKey,145,21,true,false,false,false,false,true,0
MdtBody.o,MdtBodyEnable,149,25,true,false,false,false,false,true,0
MdtBody.o,MdtBodyResetForces,64,14,true,false,false,false,false,false,0
MdtBody.o,MdtBodyResetImpulses,88,14,true,false,false,false,false,false,0
MdtBody.o,MdtBodyForAllConstraints,73,26,true,false,false,false,true,true,1
MdtBody.o,MdtBodyDisableConstraints,69,16,true,false,false,false,true,true,1
MdtBody.o,MdtBodyDestroyConstraints,79,24,true,false,false,false,true,true,1
MdtBody.o,MdtBodyDisableContacts,88,21,true,false,false,false,true,false,1
MdtBody.o,MdtBodyDestroyContacts,99,31,true,false,false,false,true,true,1
MdtBody.o,MdtBodyAddForce,43,14,true,false,false,false,false,false,0
MdtBody.o,MdtBodyAddForceAtPosition,304,26,true,false,false,false,false,false,0
MdtBody.o,MdtBodyAddTorque,43,14,true,false,false,false,false,false,0
MdtBody.o,MdtBodyAddImpulse,71,17,true,false,false,false,false,false,0
MdtBody.o,MdtBodyAddImpulseAtPosition,350,27,true,false,false,false,false,false,0
MdtBody.o,MdtBodyIsMovingTest,237,50,true,false,false,false,true,false,0
MdtBody.o,MdtBodyEnableNonSphericalInertia,17,7,true,false,false,false,false,false,0
MdtBody.o,MdtBodyDisableNonSphericalInertia,17,7,true,false,false,false,false,false,0
MdtBody.o,MdtBodyNonSphericalInertiaIsEnabled,17,6,true,false,false,false,false,false,0
MdtBody.o,MdtBodyEnableCoriolisForce,17,7,true,false,false,false,false,false,0
MdtBody.o,MdtBodyDisableCoriolisForce,17,7,true,false,false,false,false,false,0
MdtBody.o,MdtBodyCoriolisForceIsEnabled,17,6,true,false,false,false,false,false,0
MdtBody.o,MeVector3Normalize,120,32,true,false,false,false,true,false,0
McdBox.o,McdBoxGetTypeId,10,8,true,false,false,false,false,false,1
McdBox.o,McdBoxRegisterType,59,11,true,false,false,false,false,false,1
McdBox.o,McdBoxCreate,110,34,true,false,false,false,true,true,2
McdBox.o,McdBoxSetDimensions,71,20,true,false,false,false,true,false,0
McdBox.o,McdBoxGetDimensions,38,10,true,false,false,false,true,false,0
McdBox.o,McdBoxGetBSphereRadius,11,6,true,false,false,false,false,false,0
McdBox.o,McdBoxGetRadii,11,9,true,false,false,false,true,false,1
McdBox.o,McdBoxDestroy,9,9,true,false,false,false,false,false,1
McdBox.o,McdBoxUpdateAABB,577,75,true,false,false,false,true,false,0
McdBox.o,McdBoxGetXYAABB,145,20,true,false,false,false,true,false,0
McdBox.o,McdBoxGetBSphere,32,11,true,false,false,false,true,false,0
McdBox.o,localSignZ,50,12,true,false,false,false,false,false,0
McdBox.o,McdBoxMaximumPoint,401,41,true,false,false,false,true,false,0
McdBox.o,McdBoxGetMassProperties,249,47,true,false,false,false,true,false,0
McdBox.o,McdBoxMaximumPointLocal,163,25,true,false,false,false,true,false,0
McdBox.o,McdBoxGetXYAABB,145,20,true,false,false,false,true,false,0
McdBox.o,McdBoxDebugDraw,424,50,true,false,false,false,true,false,1
IxCylinderLineSegment.o,IxCylinderLineSegment,1767,151,true,false,false,false,true,true,0
IxCylinderLineSegment.o,McdCylinderLineSegmentRegisterInteraction,29,9,true,false,false,false,false,false,1
MovingBoxBoxIntersect.o,printV3,49,7,true,false,false,false,false,false,0
MovingBoxBoxIntersect.o,MovingBoxBoxIntersect,7138,535,true,false,false,false,true,false,1
McdSphereBoxPlaneRegisterTypes.o,McdSphereBoxPlaneRegisterTypes,41,9,true,false,false,false,false,false,0
MdtContactGroup.o,MdtContactGroupCreate,314,59,true,false,false,false,true,true,2
MdtContactGroup.o,MdtContactGroupDestroy,87,25,true,false,false,false,true,true,0
MdtContactGroup.o,MdtContactGroupReset,229,42,true,false,false,false,true,true,1
MdtContactGroup.o,MdtContactGroupSetGenerator,17,7,true,false,false,false,false,false,0
MdtContactGroup.o,MdtConstraintDCastContactGroup,26,6,true,false,false,false,false,false,0
MdtContactGroup.o,MdtContactGroupGetFirstContact,14,6,true,false,false,false,false,false,0
MdtContactGroup.o,MdtContactGroupGetGenerator,14,6,true,false,false,false,false,false,0
MdtContactGroup.o,MdtContactGroupIsSwapped,14,6,true,false,false,false,false,false,0
MdtContactGroup.o,MdtContactGroupGetCount,14,6,true,false,false,false,false,false,0
MdtContactGroup.o,MdtContactGroupGetNextContact,14,7,true,false,false,false,false,false,0
MdtContactGroup.o,MdtContactGroupGetNormalForce,14,6,true,false,false,false,false,false,0
MdtContactGroup.o,MdtContactGroupAppendContact,100,24,true,false,false,false,false,false,1
MdtContactGroup.o,MdtContactGroupRemoveContact,128,30,true,false,false,false,false,false,1
MdtContactGroup.o,MdtContactGroupCreateContact,154,32,true,false,false,false,true,true,1
MdtContactGroup.o,MdtContactGroupDestroyContact,152,32,true,false,false,false,false,false,1
McdNull.o,McdNullRegisterType,59,11,true,false,false,false,false,false,1
McdNull.o,McdNullCreate,50,20,true,false,false,false,true,true,2
McdNull.o,McdNullDestroy,9,9,true,false,false,false,false,false,1
McdNull.o,McdNullUpdateAABB,23,9,true,false,false,false,false,false,1
McdNull.o,McdNullGetBSphere,23,9,true,false,false,false,false,false,1
McdNull.o,McdNullMaximumPoint,23,9,true,false,false,false,false,false,1
McdNull.o,McdNullGetMassProperties,24,9,true,false,false,false,false,false,1
McdNull.o,McdNullDebugDraw,48,12,true,false,false,false,false,false,1
MdtBSJoint.o,MdtBSJointCreate,122,28,true,false,false,false,true,false,1
MdtBSJoint.o,MdtBSJointReset,51,13,true,false,false,false,false,false,0
MdtBSJoint.o,MdtConstraintDCastBSJoint,27,6,true,false,false,false,false,false,0
McdMessage.o,McdError,248,56,true,false,false,false,true,true,1
MdtConstraint.o,BaseConstraintReset,550,74,true,false,false,false,true,false,0
MdtConstraint.o,MdtConstraintBodySetAxes,595,74,true,false,false,false,true,false,0
MdtConstraint.o,MdtConstraintBodySetAxesRel,592,83,true,false,false,false,true,false,0
MdtConstraint.o,BaseConstraintCreate,87,24,true,false,false,false,true,false,1
MdtConstraint.o,BaseConstraintSetBodies,26,10,true,false,false,false,false,false,0
MdtConstraint.o,BaseConstraintSetAxis,253,25,true,false,false,false,true,false,0
MdtConstraint.o,MdtConstraintDestroy,192,46,true,false,false,false,true,true,1
MdtConstraint.o,MdtConstraintEnable,147,32,true,false,false,false,true,true,0
MdtConstraint.o,MdtConstraintDisable,126,28,true,false,false,false,true,true,0
MdtConstraint.o,MdtConstraintIsEnabled,14,6,true,false,false,false,false,false,0
MdtConstraint.o,MdtConstraintGetWorld,10,6,true,false,false,false,false,false,0
MdtConstraint.o,MdtConstraintGetRowCount,84,30,true,false,false,false,true,false,0
MdtConstraint.o,MdtConstraintGetBody,15,6,true,false,false,false,false,false,0
MdtConstraint.o,MdtConstraintGetUserData,11,6,true,false,false,false,false,false,0
MdtConstraint.o,MdtConstraintGetForce,36,9,true,false,false,false,false,false,0
MdtConstraint.o,MdtConstraintGetTorque,45,9,true,false,false,false,false,false,0
MdtConstraint.o,MdtConstraintGetPosition,34,7,true,false,false,false,false,false,0
MdtConstraint.o,MdtConstraintBodyGetPosition,60,18,true,false,false,false,false,true,0
MdtConstraint.o,MdtConstraintBodyGetPositionRel,104,29,true,false,false,false,true,false,0
MdtConstraint.o,MdtConstraintBodyGetAxis,60,18,true,false,false,false,false,true,0
MdtConstraint.o,MdtConstraintBodyGetAxes,125,13,true,false,false,false,false,false,0
MdtConstraint.o,MdtConstraintBodyGetAxesRel,126,25,true,false,false,false,false,false,0
MdtConstraint.o,MdtConstraintGetAxes,65,10,true,false,false,false,false,true,0
MdtConstraint.o,MdtConstraintGetFirst,36,17,true,false,false,false,true,false,1
MdtConstraint.o,MdtConstraintGetNext,42,15,true,false,false,false,true,false,0
MdtConstraint.o,MdtConstraintGetSortKey,11,6,true,false,false,false,false,false,0
MdtConstraint.o,MdtConstraintGetWorldLinearVelocity,37,9,true,false,false,false,false,false,0
MdtConstraint.o,MdtConstraintGetWorldAngularVelocity,37,9,true,false,false,false,false,false,0
MdtConstraint.o,MdtConstraintSetBodies,28,7,true,false,false,false,false,false,0
MdtConstraint.o,MdtConstraintSetUserData,14,7,true,false,false,false,false,false,0
MdtConstraint.o,MdtConstraintBodySetPosition,76,22,true,false,false,false,false,false,0
MdtConstraint.o,MdtConstraintBodySetPositionRel,116,27,true,false,false,false,true,false,0
MdtConstraint.o,MdtConstraintSetPosition,100,17,true,false,false,false,false,false,0
MdtConstraint.o,MdtConstraintSetAxis,31,7,true,false,false,false,false,false,0
MdtConstraint.o,MdtConstraintSetAxes,81,9,true,false,false,false,false,false,0
MdtConstraint.o,MdtConstraintSetSortKey,20,9,true,false,false,false,false,false,0
MdtConstraint.o,MdtConstraintSetWorldLinearVelocity,35,9,true,false,false,false,false,false,0
MdtConstraint.o,MdtConstraintSetWorldAngularVelocity,35,9,true,false,false,false,false,false,0
MdtConstraint.o,MeVector3Normalize,120,32,true,false,false,false,true,false,0
MdtConstraint.o,MeVector3PlaneSpace,199,38,true,false,false,false,true,false,0
MdtLinear2.o,MdtLinear2SetDirection,386,54,true,false,false,false,true,false,0
MdtLinear2.o,MdtLinear2Create,224,44,true,false,false,false,true,false,1
MdtLinear2.o,MdtLinear2Reset,146,29,true,false,false,false,true,false,0
MdtLinear2.o,MdtConstraintDCastLinear2,26,6,true,false,false,false,false,false,0
MdtLinear2.o,MdtLinear2GetPosition,34,7,true,false,false,false,false,false,0
MdtLinear2.o,MdtLinear2GetDirection,72,16,true,false,false,false,false,false,0
MdtLinear2.o,Linear2SetBodies,64,12,true,false,false,false,true,false,0
MdtLinear2.o,MdtLinear2SetPosition,131,21,true,false,false,false,false,false,0
keaMatrix_PcSparse.o,makeFromPcSparsePSM,2862,486,true,false,false,false,true,false,0
keaMatrix_PcSparse.o,makeFromColMajorPSM,1661,337,true,false,false,false,true,false,0
McdSphereBoxPlaneRegisterInteractions.o,McdSphereBoxPlaneRegisterInteractions,57,11,true,false,false,false,false,false,0
IxConvexTriList.o,McdConvexHullPlaneCut,967,151,true,false,false,false,true,false,0
IxConvexTriList.o,McdConvexMeshTriangleListIntersect,2151,231,true,false,false,false,true,true,1
IxConvexTriList.o,McdConvexMeshTriangleListRegisterInteraction,180,19,true,false,false,false,false,false,0
IxConvexTriList.o,McdConvexHullMaximumPoint,506,101,true,false,false,false,true,true,0
IxConvexTriList.o,GenerateTriangleContact,2292,378,true,false,false,false,true,true,1
IxConvexTriList.o,MeVector3Normalize,120,32,true,false,false,false,true,false,0
McdFrame.o,McdInit,311,55,true,false,false,false,true,false,2
McdFrame.o,McdFrameworkDestroyAllModelsAndGeometries,142,41,true,false,false,false,true,false,0
McdFrame.o,McdFrameworkGetModelCount,11,6,true,false,false,false,false,false,0
McdFrame.o,McdFrameworkGetGeometryCount,11,6,true,false,false,false,false,false,0
McdFrame.o,McdTerm,179,28,true,false,false,false,true,false,1
McdFrame.o,McdFrameworkRegisterTermAction,42,15,true,false,false,false,true,false,1
McdFrame.o,McdFrameworkSetDefaultContactTolerance,14,7,true,false,false,false,false,false,0
McdFrame.o,McdFrameworkGetDefaultContactTolerance,11,6,true,false,false,false,false,false,0
McdFrame.o,McdFrameworkResetTypes,15,7,true,false,false,false,false,false,0
McdFrame.o,McdFrameworkTypeIsValid,42,13,true,false,false,false,false,false,0
McdFrame.o,McdFrameworkGetTypeName,63,18,true,false,false,false,false,false,0
McdFrame.o,McdFrameworkShowTypes,113,27,true,false,false,false,true,true,0
McdFrame.o,McdFrameworkTypeIsRegistered,42,15,true,false,false,false,false,false,0
McdFrame.o,McdFrameworkGetRegisteredTypeCount,12,6,true,false,false,false,false,false,0
McdFrame.o,McdFrameworkGetDefaultRequestPtr,14,6,true,false,false,false,false,false,0
McdFrame.o,McdFrameworkSetDefaultRequestPtr,17,7,true,false,false,false,false,false,0
McdFrame.o,McdFrameworkRegisterGeometryType,158,27,true,false,false,false,false,false,0
McdFrame.o,McdFrameworkSetInteractions,167,30,true,false,false,false,true,false,0
McdFrame.o,McdFrameworkGetInteractions,36,6,true,false,false,false,false,false,0
McdFrame.o,McdFrameworkGetInteractionsWarned,37,7,true,false,false,false,false,false,0
McdFrame.o,McdFrameworkSetInteractionsWarned,40,9,true,false,false,false,false,false,0
McdFrame.o,McdFrameworkSetLineSegInteraction,24,8,true,false,false,false,false,false,0
McdFrame.o,McdFrameworkGetLineSegInteraction,28,8,true,false,false,false,true,false,0
MdtUserConstraint.o,MdtUserConstraintCreate,99,24,true,false,false,false,true,false,1
MdtUserConstraint.o,MdtConstraintDCastUserConstraint,26,6,true,false,false,false,false,false,0
MdtUserConstraint.o,MdtUserConstraintGetFunction,11,6,true,false,false,false,false,false,0
MdtUserConstraint.o,MdtUserConstraintGetConstraintData,14,6,true,false,false,false,false,false,0
MdtUserConstraint.o,MdtUserConstraintSetFunction,14,7,true,false,false,false,false,false,0
MdtUserConstraint.o,MdtUserConstraintSetConstraintData,17,7,true,false,false,false,false,false,0
ConvexGeomUtils.o,SegmentConvexHullSep,1753,210,true,false,false,false,true,false,0
ConvexGeomUtils.o,ConvexHullMaximumFeature,404,77,true,false,false,false,true,false,0
ConvexGeomUtils.o,ConvexHullVoronoiRegion,1253,166,true,false,false,false,true,false,0
ConvexGeomUtils.o,ConvexHullNSegment,287,35,true,false,false,false,false,false,0
ConvexGeomUtils.o,MeVector3Normalize,120,32,true,false,false,false,true,false,0
ConvexGeomUtils.o,McdConvexHullMaximumPoint,506,98,true,false,false,false,true,false,0
ConvexGeomUtils.o,ClosestInVertexRegion,472,72,true,false,false,false,true,false,0
ConvexGeomUtils.o,ClosestInEdgeRegion,1228,156,true,false,false,false,true,false,0
ConvexGeomUtils.o,ClosestInFaceRegion,952,131,true,false,false,false,true,false,0
ConvexGeomUtils.o,ClosestInInteriorRegion,331,57,true,false,false,false,true,false,0
McdGjkPenetrationDepth.o,McdGjkFaceAddPoint,97,22,true,false,false,false,false,false,0
McdGjkPenetrationDepth.o,McdGjkFaceCompare,30,6,true,false,false,false,false,false,0
McdGjkPenetrationDepth.o,McdGjkFaceAdd,153,30,true,false,false,false,true,false,0
McdGjkPenetrationDepth.o,McdGjkFacePop,29,11,true,false,false,false,true,false,0
McdGjkPenetrationDepth.o,McdGjkFaceLoad,322,60,true,false,false,false,true,false,1
McdGjkPenetrationDepth.o,McdGjkFindNextInflatePoint,342,58,true,false,false,false,true,true,0
McdGjkPenetrationDepth.o,McdGjkFaceQueueInit,1007,175,true,false,false,false,true,false,1
McdGjkPenetrationDepth.o,McdGjkResultIsReasonable,475,53,true,false,false,false,true,true,0
McdGjkPenetrationDepth.o,McdGjkPenetrationDepth,1356,177,true,false,false,false,true,false,2
McdGjkPenetrationDepth.o,MeVector3Normalize,120,32,true,false,false,false,true,false,0
McdModel.o,McdModelCreate,226,49,true,false,false,false,true,false,2
McdModel.o,McdModelDestroy,162,34,true,false,false,false,true,true,1
McdModel.o,McdModelReset,108,20,true,false,false,false,false,false,0
McdModel.o,McdModelGetGeometryType,18,6,true,false,false,false,false,false,0
McdModel.o,McdModelGetSpace,11,6,true,false,false,false,false,false,0
McdModel.o,McdModelSetContactTolerance,14,7,true,false,false,false,false,false,0
McdModel.o,McdModelGetContactTolerance,11,6,true,false,false,false,false,false,0
McdModel.o,McdModelGetBSphere,18,7,true,false,false,false,false,false,0
McdModel.o,McdModelUpdate,128,30,true,false,false,false,false,true,0
McdModel.o,McdModelUpdatePath,128,30,true,false,false,false,true,true,0
McdModel.o,McdModelUpdatePathCompatible,9,11,true,false,false,false,false,false,1
McdModel.o,McdModelGetAABB,18,7,true,false,false,false,false,false,0
McdModel.o,McdModelGetGeometryInstance,11,8,true,false,false,false,false,false,1
McdModel.o,McdModelGetTransformPtr,18,11,true,false,false,false,false,false,1
McdModel.o,McdModelSetTransformPtr,18,9,true,false,false,false,false,false,1
McdModel.o,McdModelSetLinearVelocityPtr,14,7,true,false,false,false,false,false,0
McdModel.o,McdModelGetLinearVelocityPtr,11,6,true,false,false,false,false,false,0
McdModel.o,McdModelSetAngularVelocityPtr,14,7,true,false,false,false,false,false,0
McdModel.o,McdModelGetAngularVelocityPtr,11,6,true,false,false,false,false,false,0
McdModel.o,McdModelSetUserData,14,7,true,false,false,false,false,false,0
McdModel.o,McdModelGetUserData,11,6,true,false,false,false,false,false,0
McdModel.o,McdModelSetGeometry,65,15,true,false,false,false,false,false,1
McdModel.o,McdModelGetGeometry,18,11,true,false,false,false,false,false,1
McdModel.o,McdModelGetBodyData,11,6,true,false,false,false,false,false,0
McdModel.o,McdModelSetBodyData,14,7,true,false,false,false,false,false,0
McdModel.o,McdModelSetRelativeTransformPtrs,180,36,true,false,false,false,false,true,1
McdModel.o,McdModelGetRelativeTransformPtrs,24,9,true,false,false,false,false,false,0
McdModel.o,McdModelSetRelativeTransform,185,44,true,false,false,false,true,true,1
McdModel.o,McdModelGetRelativeTransform,11,6,true,false,false,false,false,false,0
McdModel.o,McdModelCompoundTransforms,33,7,true,false,false,false,false,false,0
McdModel.o,McdModelSetMaterial,18,9,true,false,false,false,false,false,1
McdModel.o,McdModelGetMaterial,18,11,true,false,false,false,false,false,1
McdModel.o,McdModelSetRequestID,14,7,true,false,false,false,false,false,0
McdModel.o,McdModelGetRequestID,11,6,true,false,false,false,false,false,0
McdModel.o,McdModelSetUpdateCallback,14,7,true,false,false,false,false,false,0
McdModel.o,McdModelGetUpdateCallback,11,6,true,false,false,false,false,false,0
McdModel.o,McdModelSetIntersectCallback,14,7,true,false,false,false,false,false,0
McdModel.o,McdModelGetIntersectCallback,11,6,true,false,false,false,false,false,0
McdModel.o,McdModelGetSortKey,12,6,true,false,false,false,false,false,0
McdModel.o,McdModelSetSortKey,15,7,true,false,false,false,false,false,0
MdtLimit.o,MdtSingleLimitReset,35,10,true,false,false,false,false,false,0
MdtLimit.o,MdtSingleLimitGetStop,10,6,true,false,false,false,false,false,0
MdtLimit.o,MdtSingleLimitGetStiffness,11,6,true,false,false,false,false,false,0
MdtLimit.o,MdtSingleLimitGetDamping,11,6,true,false,false,false,false,false,0
MdtLimit.o,MdtSingleLimitGetRestitution,11,6,true,false,false,false,false,false,0
MdtLimit.o,MdtSingleLimitSetStop,13,7,true,false,false,false,false,false,0
MdtLimit.o,MdtSingleLimitSetStiffness,47,12,true,false,false,false,false,false,0
MdtLimit.o,MdtSingleLimitSetDamping,47,12,true,false,false,false,false,false,0
MdtLimit.o,MdtSingleLimitSetRestitution,69,17,true,false,false,false,false,false,0
MdtLimit.o,MdtLimitReset,167,28,true,false,false,false,false,false,0
MdtLimit.o,MdtLimitIsActive,10,6,true,false,false,false,false,false,0
MdtLimit.o,MdtLimitPositionIsCalculated,11,6,true,false,false,false,false,false,0
MdtLimit.o,MdtLimitGetLowerLimit,11,8,true,false,false,false,false,false,1
MdtLimit.o,MdtLimitGetUpperLimit,11,8,true,false,false,false,false,false,1
MdtLimit.o,MdtLimitGetPosition,14,6,true,false,false,false,false,false,0
MdtLimit.o,MdtLimitGetOvershoot,11,6,true,false,false,false,false,false,0
MdtLimit.o,MdtLimitGetVelocity,11,6,true,false,false,false,false,false,0
MdtLimit.o,MdtLimitGetStiffnessThreshold,11,6,true,false,false,false,false,false,0
MdtLimit.o,MdtLimitIsMotorized,11,6,true,false,false,false,false,false,0
MdtLimit.o,MdtLimitGetMotorDesiredVelocity,11,6,true,false,false,false,false,false,0
MdtLimit.o,MdtLimitGetMotorMaxForce,11,6,true,false,false,false,false,false,0
MdtLimit.o,MdtLimitSetLowerLimit,142,40,true,false,false,false,true,false,0
MdtLimit.o,MdtLimitSetUpperLimit,142,40,true,false,false,false,true,false,0
MdtLimit.o,MdtLimitSetPosition,17,7,true,false,false,false,false,false,0
MdtLimit.o,MdtLimitActivateLimits,42,14,true,false,false,false,false,false,0
MdtLimit.o,MdtLimitCalculatePosition,45,13,true,false,false,false,false,false,0
MdtLimit.o,MdtLimitSetStiffnessThreshold,47,12,true,false,false,false,false,false,0
MdtLimit.o,MdtLimitActivateMotor,58,17,true,false,false,false,false,false,0
MdtLimit.o,MdtLimitSetLimitedForceMotor,79,15,true,false,false,false,false,false,0
MdtLimit.o,MdtLimitSetLock,86,16,true,false,false,false,false,false,0
MdtLimit.o,MdtLimitIsLocked,11,6,true,false,false,false,false,false,0
MdtLimit.o,MdtLimitActivateLock,58,17,true,false,false,false,false,false,0
MdtLimit.o,MdtLimitResetState,43,11,true,false,false,false,false,false,0
MdtFixedPath.o,MdtFixedPathCreate,203,41,true,false,false,false,true,false,1
MdtFixedPath.o,MdtFixedPathReset,128,26,true,false,false,false,true,false,0
MdtFixedPath.o,MdtConstraintDCastFixedPath,26,6,true,false,false,false,false,false,0
MdtFixedPath.o,MdtFixedPathGetPosition,48,19,true,false,false,false,true,false,0
MdtFixedPath.o,MdtFixedPathGetVelocity,48,19,true,false,false,false,true,false,0
MdtFixedPath.o,MdtFixedPathSetPosition,78,26,true,false,false,false,true,false,0
MdtFixedPath.o,MdtFixedPathSetVelocity,46,18,true,false,false,false,true,false,0
keaLCPSolver.o,allocate,803,138,true,false,false,false,false,false,0
keaLCPSolver.o,makeXandW,755,145,true,false,false,false,true,true,0
keaLCPSolver.o,PrincipalSubmatrix,604,109,true,false,false,false,true,false,1
keaLCPSolver.o,PrincipalPivotTransformMakeW,299,81,true,false,false,false,true,false,0
keaLCPSolver.o,PrincipalPivotTransformMakeX,723,132,true,false,false,false,true,false,0
keaLCPSolver.o,PrincipalPivotTransform,233,28,true,false,false,false,true,true,0
keaLCPSolver.o,setUpper,14,9,true,false,false,false,false,false,0
keaLCPSolver.o,setLower,14,9,true,false,false,false,false,false,0
keaLCPSolver.o,getFirstBadIndex,313,78,true,false,false,false,true,false,0
keaLCPSolver.o,copyXtoInitialSolve,70,25,true,false,false,false,true,false,0
keaLCPSolver.o,getClampIndices,107,30,true,false,false,false,true,false,0
keaLCPSolver.o,setClampedValues,98,36,true,false,false,false,true,false,0
keaLCPSolver.o,commonPivot,244,50,true,false,false,false,true,false,1
keaLCPSolver.o,blockMurtyChooseNewIndices,1498,236,true,false,false,false,true,false,0
keaLCPSolver.o,singleMurtyChooseNewIndices,470,68,true,false,false,false,true,false,0
IxPrimitiveLineSegment.o,IxBoxLineSegment,790,114,true,false,false,false,true,true,0
IxPrimitiveLineSegment.o,IxRayAABB,922,132,true,false,false,false,true,false,1
IxPrimitiveLineSegment.o,IxSphereLineSegment,647,110,true,false,false,false,true,true,0
IxPrimitiveLineSegment.o,IxPlaneLineSegment,705,74,true,false,false,false,true,false,0
IxPrimitiveLineSegment.o,McdBoxLineSegmentRegisterInteraction,29,9,true,false,false,false,false,false,1
IxPrimitiveLineSegment.o,McdSphereLineSegmentRegisterInteraction,29,9,true,false,false,false,false,false,1
IxPrimitiveLineSegment.o,McdPlaneLineSegmentRegisterInteraction,29,9,true,false,false,false,false,false,1
MdtPrismatic.o,PrismaticSetAxis,704,74,true,false,false,false,true,true,0
MdtPrismatic.o,MdtPrismaticCreate,136,29,true,false,false,false,true,false,1
MdtPrismatic.o,MdtPrismaticReset,69,14,true,false,false,false,false,false,0
MdtPrismatic.o,MdtConstraintDCastPrismatic,26,6,true,false,false,false,false,false,0
MdtPrismatic.o,MdtPrismaticGetLimit,13,8,true,false,false,false,false,false,1
MdtPrismatic.o,MdtPrismaticSetLimit,134,24,true,false,false,false,true,true,0
IxCylinderPlane.o,McdCylinderPlaneIntersect,968,108,true,false,false,false,true,true,1
IxCylinderPlane.o,McdCylinderPlaneRegisterInteraction,74,17,true,false,false,false,false,false,1
IxCylinderPlane.o,OverlapCylPlane,301,51,true,false,false,false,true,false,0
IxCylinderPlane.o,CylPlaneIntersect,2205,251,true,false,false,false,true,false,0
IxCylinderPlane.o,McdVanillaSegmentPlaneIntersect,153,41,true,false,false,false,true,false,0
IxBoxPlane.o,McdBoxPlaneIntersect,1080,119,true,false,false,false,true,true,1
IxBoxPlane.o,McdBoxPlaneSafeTime,308,56,true,false,false,false,true,true,0
IxBoxPlane.o,McdBoxPlaneRegisterInteraction,74,17,true,false,false,false,false,false,1
IxBoxPlane.o,McdVanillaBoxPlaneIntersect,4370,396,true,false,false,false,true,false,0
IxBoxPlane.o,McdVanillaSegmentPlaneIntersect,153,41,true,false,false,false,true,false,0
McduDebugDraw.o,McduDebugDrawAABB,494,49,true,false,false,false,true,false,1
McduDebugDraw.o,McduDebugDrawModel,118,27,true,false,false,false,true,true,0
McduDebugDraw.o,McduDebugDrawSpace,202,43,true,false,false,false,false,true,0
IxCylinderTriList.o,McdCylinderTriangleListIntersect,2252,291,true,false,false,false,true,true,0
IxCylinderTriList.o,McdCylinderTriangleListRegisterInteraction,74,17,true,false,false,false,false,false,1
IxCylinderTriList.o,MeVector3Normalize,120,32,true,false,false,false,true,false,0
IxCylinderTriList.o,McdVanillaOverlapCylTri,3599,361,true,false,false,false,true,false,0
IxCylinderTriList.o,McdVanillaSegmentCylinderIntersect,903,139,true,false,false,false,true,false,0
IxCylinderTriList.o,McdVanillaAddTriCylSegmentPoints,1866,137,true,false,false,false,true,false,0
MdtConeLimit.o,MdtConeLimitCreate,162,32,true,false,false,false,true,false,1
MdtConeLimit.o,MdtConeLimitReset,91,17,true,false,false,false,false,false,0
MdtConeLimit.o,MdtConstraintDCastConeLimit,26,6,true,false,false,false,false,false,0
MdtConeLimit.o,MdtConeLimitSetConeHalfAngle,25,12,true,false,false,false,true,false,0
MdtConeLimit.o,MdtConeLimitGetConeHalfAngle,14,6,true,false,false,false,false,false,0
MdtConeLimit.o,MdtConeLimitSetStiffness,17,7,true,false,false,false,false,false,0
MdtConeLimit.o,MdtConeLimitGetStiffness,14,6,true,false,false,false,false,false,0
MdtConeLimit.o,MdtConeLimitSetDamping,17,7,true,false,false,false,false,false,0
MdtConeLimit.o,MdtConeLimitGetDamping,14,6,true,false,false,false,false,false,0
McdPlane.o,McdPlaneGetTypeId,10,8,true,false,false,false,false,false,1
McdPlane.o,McdPlaneRegisterType,59,11,true,false,false,false,false,false,1
McdPlane.o,McdPlaneCreate,51,17,true,false,false,false,true,true,2
McdPlane.o,McdPlaneDestroy,9,9,true,false,false,false,false,false,1
McdPlane.o,McdPlaneUpdateAABB,668,110,true,false,false,false,true,false,0
McdPlane.o,McdPlaneGetBSphere,30,10,true,false,false,false,false,false,0
McdPlane.o,McdPlaneMaximumPoint,140,28,true,false,false,false,true,false,0
McdPlane.o,McdPlaneGetMassProperties,186,31,true,false,false,false,false,false,0
McdPlane.o,McdPlaneGetNormal,54,18,true,false,false,false,true,false,0
McdPlane.o,McdPlaneGetDistanceToPoint,113,18,true,false,false,false,false,false,0
McdPlane.o,McdPlaneDebugDraw,48,12,true,false,false,false,false,false,1
MdtSpring.o,MdtSpringCreate,206,40,true,false,false,false,true,false,1
MdtSpring.o,MdtSpringReset,135,25,true,false,false,false,true,false,0
MdtSpring.o,MdtConstraintDCastSpring,26,6,true,false,false,false,false,false,0
MdtSpring.o,MdtSpringGetPosition,60,19,true,false,false,false,false,false,0
MdtSpring.o,MdtSpringGetLimit,13,8,true,false,false,false,false,false,1
MdtSpring.o,MdtSpringSetPosition,98,23,true,false,false,false,false,false,0
MdtSpring.o,MdtSpringSetLimit,134,24,true,false,false,false,true,true,0
MdtSpring.o,MdtSpringSetNaturalLength,23,9,true,false,false,false,true,false,0
MdtSpring.o,MdtSpringSetStiffness,23,9,true,false,false,false,true,false,0
MdtSpring.o,MdtSpringSetDamping,23,9,true,false,false,false,true,false,0
MdtPartition.o,MdtUpdatePartitions,1584,285,true,false,false,false,true,true,1
MdtPartition.o,FindNextUnadded,57,19,true,false,false,false,true,false,0
MdtPartition.o,MdtPartOutCreateFromChunk,123,39,true,false,false,false,true,false,0
MdtPartition.o,MdtPartInfoReset,28,9,true,false,false,false,false,false,0
MdtPartition.o,MdtPartInfoAddConstraint,75,21,true,false,false,false,true,false,0
McdConvexRegistration.o,McdConvexMeshPrimitivesRegisterInteractions,84,14,true,false,false,false,false,false,0
McdConvexMeshMassProps.o,McdConvexMeshGetMassProperties,368,70,true,false,false,false,true,false,0
McdConvexMeshMassProps.o,compVolumeIntegrals,2240,241,true,false,false,false,true,false,1
McdSphere.o,McdSphereGetTypeId,10,8,true,false,false,false,false,false,1
McdSphere.o,McdSphereRegisterType,59,11,true,false,false,false,false,false,1
McdSphere.o,McdSphereCreate,57,18,true,false,false,false,true,true,1
McdSphere.o,McdSphereSetRadius,14,8,true,false,false,false,true,false,0
McdSphere.o,McdSphereGetRadius,11,6,true,false,false,false,false,false,0
McdSphere.o,McdSphereDestroy,9,9,true,false,false,false,false,false,1
McdSphere.o,McdSphereUpdateAABB,336,61,true,false,false,false,true,false,0
McdSphere.o,McdSphereGetBSphere,32,11,true,false,false,false,true,false,0
McdSphere.o,McdSphereMaximumPoint,126,28,true,false,false,false,true,false,0
McdSphere.o,McdSphereGetMassProperties,245,43,true,false,false,false,true,false,0
McdSphere.o,McdSphereDebugDraw,389,45,true,false,false,false,true,false,1
McdModelPairManager.o,McdModelPairManagerHashCreate,112,34,true,false,false,false,true,false,1
McdModelPairManager.o,McdModelPairManagerHashDestroy,38,10,true,false,false,false,false,false,1
McdModelPairManager.o,McdModelPairManagerCreate,130,26,true,false,false,false,true,false,1
McdModelPairManager.o,McdModelPairManagerDestroy,95,18,true,false,false,false,false,false,1
McdModelPairManager.o,McdModelPairManagerGetTransitions,237,74,true,false,false,false,true,true,0
McdModelPairManager.o,McdModelPairManagerGetPairs,213,61,true,false,false,false,true,true,0
McdModelPairManager.o,McdModelPairManagerGetPair,115,39,true,false,false,false,true,false,0
McdModelPairManager.o,McdModelPairManagerActivate,312,71,true,false,false,false,true,false,2
McdModelPairManager.o,McdModelPairManagerDeactivate,306,76,true,false,false,false,true,false,1
McdModelPairManager.o,McdModelPairManagerFlush,180,49,true,false,false,false,true,false,1
McdModelPairManager.o,McdModelPairManagerGetSize,45,13,true,false,false,false,false,false,1
McdModelPairManager.o,McdModelPairManagerSetPoolFullHandler,14,8,true,false,false,false,false,false,0
McdModelPairManager.o,McdModelPairManagerGetPoolFullHandler,11,6,true,false,false,false,false,false,0
McdModelPairManager.o,McdModelPairManagerHashGetNext,87,33,true,false,false,false,true,false,0
MdtBcl.o,MdtBclInitConstraintRowList,35,10,true,false,false,false,false,false,0
MdtBcl.o,MdtBclEndPartition,191,47,true,false,false,false,false,false,0
MdtBcl.o,MdtBclStartPartition,44,9,true,false,false,false,false,false,0
MdtBcl.o,MdtBclDotJ,116,22,true,false,false,false,true,false,0
MdtBcl.o,MdtBclEndConstraint,1398,106,true,false,false,false,true,false,1
MdtBcl.o,MdtBclAddSphericalRowsWorld,1974,253,true,false,false,false,true,true,0
MdtBcl.o,MdtBclAddBSJoint,577,87,true,false,false,false,true,false,1
MdtBcl.o,MdtBclAddContact,3404,370,true,false,false,false,true,true,1
MdtBcl.o,MdtBclAddContactGroup,199,38,true,false,false,false,true,true,0
MdtBcl.o,MdtBclAddHinge,4285,457,true,false,false,false,true,true,0
MdtBcl.o,MdtBclAddPrismatic,6297,651,true,false,false,false,true,true,0
MdtBcl.o,MdtBclAddCarWheel,7222,710,true,false,false,false,true,true,0
MdtBcl.o,MdtBclAddFixedPath,2146,228,true,false,false,false,true,true,0
MdtBcl.o,MdtBclAddUniversal,2502,280,true,false,false,false,true,true,0
MdtBcl.o,MdtBclAddSkeletal,7692,799,true,false,false,false,true,true,1
MdtBcl.o,MdtBclAddLinear1,1364,181,true,false,false,false,true,true,1
MdtBcl.o,MdtBclAddLinear2,2183,250,true,false,false,false,true,true,1
MdtBcl.o,MdtBclAddAngular3,5322,484,true,false,false,false,true,true,1
MdtBcl.o,MdtBclAddSpring6,4973,544,true,false,false,false,true,true,1
MdtBcl.o,MdtBclAddSpring,2006,229,true,false,false,false,true,true,1
MdtBcl.o,MdtBclAddConeLimit,2561,316,true,false,false,false,true,true,0
MdtBcl.o,MdtBclAddSphericalRows,2034,244,true,false,false,false,true,true,0
MdtBcl.o,MdtBclAddRPROJoint,7343,703,true,false,false,false,true,true,1
MdtBcl.o,FUN_00020000,143,360,true,true,false,false,false,true,0
MdtBcl.o,FUN_000201a0,92,348,true,true,false,false,false,true,0
MdtBcl.o,MeVector3Normalize,120,32,true,false,false,false,true,false,0
MdtBcl.o,MeMatrixMultiply,313,101,true,false,false,false,true,false,1
MdtBcl.o,MeMatrix4MultiplyMatrix,176,29,true,false,false,false,true,false,0
MdtBcl.o,MyMultiplyT2,300,101,true,false,false,false,true,false,1
MdtBcl.o,LimitSingleAxis,196,30,true,false,false,false,true,false,0
MdtBcl.o,ActuateJointAxes,871,82,true,false,false,false,true,false,0
MdtBcl.o,CalculateLimitPositionAndOvershoot,307,50,true,false,false,false,true,false,0
MdtBcl.o,MdtContactWriteRow,642,70,true,false,false,false,true,false,0
MdtBcl.o,SetLimitFactors,272,42,true,false,false,false,true,false,0
MdtCarWheel.o,MdtCarWheelCreate,326,45,true,false,false,false,true,false,1
MdtCarWheel.o,MdtCarWheelReset,254,30,true,false,false,false,true,false,0
MdtCarWheel.o,MdtConstraintDCastCarWheel,26,6,true,false,false,false,false,false,0
MdtCarWheel.o,MdtCarWheelGetSteeringAngle,160,20,true,false,false,false,true,false,0
MdtCarWheel.o,MdtCarWheelGetSteeringAngleRate,115,17,true,false,false,false,true,false,0
MdtCarWheel.o,MdtCarWheelGetSteeringAxis,34,7,true,false,false,false,false,false,0
MdtCarWheel.o,MdtCarWheelGetHingeAngle,152,20,true,false,false,false,true,false,0
MdtCarWheel.o,MdtCarWheelGetHingeAngleRate,115,17,true,false,false,false,true,false,0
MdtCarWheel.o,MdtCarWheelGetHingeAxis,34,7,true,false,false,false,false,false,0
MdtCarWheel.o,MdtCarWheelGetSuspensionHeight,115,17,true,false,false,false,true,false,0
MdtCarWheel.o,MdtCarWheelGetSuspensionRate,240,23,true,false,false,false,true,false,0
MdtCarWheel.o,MdtCarWheelGetSteeringMotorDesiredVelocity,14,6,true,false,false,false,false,false,0
MdtCarWheel.o,MdtCarWheelGetSteeringMotorMaxForce,14,6,true,false,false,false,false,false,0
MdtCarWheel.o,MdtCarWheelIsSteeringLocked,14,6,true,false,false,false,false,false,0
MdtCarWheel.o,MdtCarWheelGetHingeMotorDesiredVelocity,14,6,true,false,false,false,false,false,0
MdtCarWheel.o,MdtCarWheelGetHingeMotorMaxForce,14,6,true,false,false,false,false,false,0
MdtCarWheel.o,MdtCarWheelGetSuspensionHighLimit,14,6,true,false,false,false,false,false,0
MdtCarWheel.o,MdtCarWheelGetSuspensionLowLimit,14,6,true,false,false,false,false,false,0
MdtCarWheel.o,MdtCarWheelGetSuspensionLimitSoftness,14,6,true,false,false,false,false,false,0
MdtCarWheel.o,MdtCarWheelGetSuspensionReference,14,6,true,false,false,false,false,false,0
MdtCarWheel.o,MdtCarWheelGetSuspensionKp,14,6,true,false,false,false,false,false,0
MdtCarWheel.o,MdtCarWheelGetSuspensionKd,14,6,true,false,false,false,false,false,0
MdtCarWheel.o,MdtCarWheelSetSteeringLimitedForceMotor,26,9,true,false,false,false,false,false,0
MdtCarWheel.o,MdtCarWheelSetSteeringLock,17,7,true,false,false,false,false,false,0
MdtCarWheel.o,MdtCarWheelSetHingeLimitedForceMotor,26,8,true,false,false,false,false,false,0
MdtCarWheel.o,MdtCarWheelSetSuspension,62,14,true,false,false,false,false,false,0
MdtContact.o,MdtContactCreate,335,49,true,false,false,false,true,false,1
MdtContact.o,MdtContactReset,244,32,true,false,false,false,true,false,0
MdtContact.o,MdtConstraintDCastContact,26,6,true,false,false,false,false,false,0
MdtContact.o,MdtContactGetPosition,37,9,true,false,false,false,false,false,0
MdtContact.o,MdtContactGetNormal,37,9,true,false,false,false,false,false,0
MdtContact.o,MdtContactGetPenetration,14,6,true,false,false,false,false,false,0
MdtContact.o,MdtContactGetDirection,37,9,true,false,false,false,false,false,0
MdtContact.o,MdtContactGetWorldVelocity,37,9,true,false,false,false,false,false,0
MdtContact.o,MdtContactGetParams,13,8,true,false,false,false,false,false,1
MdtContact.o,MdtContactGetNext,14,6,true,false,false,false,false,false,0
MdtContact.o,MdtContactGetContactGroup,14,6,true,false,false,false,false,false,0
MdtContact.o,MdtContactGetRelativeVelocity,227,40,true,false,false,false,true,true,1
MdtContact.o,MdtContactSetPosition,35,9,true,false,false,false,false,false,0
MdtContact.o,MdtContactSetNormal,35,9,true,false,false,false,false,false,0
MdtContact.o,MdtContactSetPenetration,17,7,true,false,false,false,false,false,0
MdtContact.o,MdtContactSetParams,29,15,true,false,false,false,false,false,0
MdtContact.o,MdtContactSetNext,17,7,true,false,false,false,false,false,0
MdtContact.o,MdtContactSetDirection,50,10,true,false,false,false,false,false,0
MdtContact.o,MdtContactSetWorldVelocity,112,16,true,false,false,false,true,false,0
IxBoxTriList.o,McdBoxTriangleListIntersect,2058,278,true,false,false,false,true,true,0
IxBoxTriList.o,McdBoxTriangleListRegisterInteraction,74,17,true,false,false,false,false,false,1
IxBoxTriList.o,MeVector3Normalize,120,32,true,false,false,false,true,false,0
IxBoxTriList.o,McdVanillaOverlapOBBTri,2522,285,true,false,false,false,true,false,0
IxBoxTriList.o,McdVanillaBoxTriIntersect,1639,177,true,false,false,false,false,false,0
IxBoxTriList.o,McdVanillaSegmentCubeIntersect,496,75,true,false,false,false,true,false,0
IxBoxTriList.o,McdVanillaAddTriBoxSegmentPoints,1471,127,true,false,false,false,true,false,0
McdGeometryInstance.o,McdGeometryInstanceReset,104,19,true,false,false,false,false,false,0
McdGeometryInstance.o,McdGeometryInstanceGetBSphere,151,18,true,false,false,false,true,false,0
McdGeometryInstance.o,McdGeometryInstanceSetGeometry,1012,210,true,false,false,false,true,true,2
McdGeometryInstance.o,McdGeometryInstanceGetGeometry,10,6,true,false,false,false,false,false,0
McdGeometryInstance.o,McdGeometryInstanceUpdateAABB,42,11,true,false,false,false,true,false,0
McdGeometryInstance.o,McdGeometryInstanceMaximumPoint,45,10,true,false,false,false,true,false,0
McdGeometryInstance.o,McdGeometryInstanceGetAABB,58,12,true,false,false,false,false,false,0
McdGeometryInstance.o,McdGeometryInstanceGetTransformPtr,11,6,true,false,false,false,false,false,0
McdGeometryInstance.o,McdGeometryInstanceSetTransformPtr,14,7,true,false,false,false,false,false,0
McdGeometryInstance.o,McdGeometryInstanceSetMaterial,14,7,true,false,false,false,false,false,0
McdGeometryInstance.o,McdGeometryInstanceGetMaterial,11,6,true,false,false,false,false,false,0
McdGeometryInstance.o,McdGeometryInstanceGetChild,126,52,true,false,false,false,true,false,0
McdGeometryInstance.o,McdGeometryInstanceOverlap,133,24,true,false,false,false,true,false,0
McdGeometryInstance.o,McdGeometryInstanceGetGeometryType,17,6,true,false,false,false,false,false,0
McdGeometryInstance.o,McdGeometryInstanceDestroy,87,27,true,false,false,false,true,false,1
keaPrintBasicTypes.o,printMeReal,44,10,true,false,false,false,false,false,1
keaPrintBasicTypes.o,printColMajorMat,334,61,true,false,false,false,true,false,0
keaPrintBasicTypes.o,printIntMat,307,66,true,false,false,false,true,false,0
keaPrintBasicTypes.o,printMat44,141,23,true,false,false,false,true,false,0
keaPrintBasicTypes.o,printMat46,175,25,true,false,false,false,true,false,0
keaPrintBasicTypes.o,printMat412,193,35,true,false,false,false,true,false,1
keaPrintBasicTypes.o,printIntVec,236,46,true,false,false,false,true,true,0
keaPrintBasicTypes.o,printVec4,127,13,true,false,false,false,true,false,0
keaPrintBasicTypes.o,printVec3,95,12,true,false,false,false,true,false,0
keaPrintBasicTypes.o,printVec,286,51,true,false,false,false,true,false,0
keaPrintBasicTypes.o,printPtr,31,9,true,false,false,false,false,false,1
keaPrintBasicTypes.o,printInvMassMatrix,237,24,true,false,false,false,true,false,1
keaPrintBasicTypes.o,printInvMassMatrixArray,351,49,true,false,false,false,true,false,1
keaPrintBasicTypes.o,printMdtKeaForcePairArray,341,40,true,false,false,false,true,false,0
keaPrintBasicTypes.o,printMdtKeaBl2CBodyRowArray,191,28,true,false,false,false,true,true,0
keaPrintBasicTypes.o,printMdtKeaBl2BodyRowArray,191,28,true,false,false,false,true,true,0
keaPrintBasicTypes.o,printMdtKeaJBlockPairArray,307,51,true,false,false,false,true,false,0
keaPrintBasicTypes.o,printMdtKeaVelocityArray,220,30,true,false,false,false,true,false,0
keaPrintBasicTypes.o,printHalfWallpaperMatrix,266,49,true,false,false,false,true,false,0
keaPrintBasicTypes.o,printPS2SparseMatrix,616,93,true,false,false,false,true,false,0
keaPrintBasicTypes.o,putchar,26,12,true,false,false,false,false,false,2
IxCylinderCylinder.o,CylCylIntersect,5164,401,true,false,false,false,true,false,0
IxCylinderCylinder.o,EndCapMin,167,29,true,false,false,false,true,false,0
IxCylinderCylinder.o,EndCapMinGrad,281,40,true,false,false,false,true,false,0
IxCylinderCylinder.o,OverlapCylCyl,10856,937,true,false,false,false,true,false,1
IxCylinderCylinder.o,McdCylinderCylinderIntersect,1181,130,true,false,false,false,true,true,1
IxCylinderCylinder.o,McdCylinderCylinderSafeTime,312,59,true,false,false,false,true,true,0
IxCylinderCylinder.o,McdCylinderCylinderRegisterInteraction,74,17,true,false,false,false,false,false,1
IxCylinderCylinder.o,McdVanillaSegmentCylinderIntersect,903,139,true,false,false,false,true,false,0
IxCylinderCylinder.o,CylPerpAndPara,522,79,true,false,false,false,true,false,0
MdtUniversal.o,MdtUniversalCreate,122,28,true,false,false,false,true,false,1
MdtUniversal.o,MdtUniversalReset,51,13,true,false,false,false,false,false,0
MdtUniversal.o,MdtConstraintDCastUniversal,26,6,true,false,false,false,false,false,0
McdPolygonIntersection.o,McdEqual2D,114,15,true,false,false,false,true,false,0
McdPolygonIntersection.o,McdSubtract2D,42,8,true,false,false,false,false,false,0
McdPolygonIntersection.o,McdAdd2D,42,8,true,false,false,false,false,false,0
McdPolygonIntersection.o,McdCross2D,37,6,true,false,false,false,false,false,0
McdPolygonIntersection.o,McdPolyPointCompare0,50,15,true,false,false,false,true,false,0
McdPolygonIntersection.o,McdPolyPointCompare1,52,17,true,false,false,false,true,false,0
McdPolygonIntersection.o,McdPolyPointCompare2,52,17,true,false,false,false,true,false,0
McdPolygonIntersection.o,McdPolygonBestAxis,124,16,true,false,false,false,true,false,0
McdPolygonIntersection.o,McdPolygonSort,711,136,true,false,false,false,true,false,1
McdPolygonIntersection.o,McdAddPoint,313,42,true,false,false,false,true,false,0
McdPolygonIntersection.o,McdPolygonContainsPoint,189,45,true,false,false,false,true,false,0
McdPolygonIntersection.o,McdPolygonIntersection,1957,233,true,false,false,false,true,false,1
keaDebug.o,printFactoriserInput,1207,137,true,false,false,false,true,true,2
keaDebug.o,printJlenandBl2BodyOutput,499,95,true,false,false,false,true,true,1
keaDebug.o,printCalcIworldNonInertialForceandVhmfInput,459,66,true,false,false,false,true,false,1
keaDebug.o,printCalcIworldNonInertialForceandVhmfOutput,356,56,true,false,false,false,true,false,1
keaDebug.o,printJinvMandrhsInput,337,40,true,false,false,false,false,false,0
keaDebug.o,printJinvMandrhsOutput,330,47,true,false,false,false,true,false,0
keaDebug.o,printCalculateConstraintForcesOutput,56,10,true,false,false,false,false,false,0
keaDebug.o,printCalcJinvMJTInput,1277,216,true,false,false,false,true,true,1
keaDebug.o,printFactoriseps2sparse_Output,268,72,true,false,false,false,true,false,0
keaDebug.o,printCalcJinvMJTps2sparse_Output,815,153,true,false,false,false,true,false,0
keaDebug.o,printLCPInitialSolveOutput,250,42,true,false,false,false,true,false,0
keaDebug.o,printSolvePCSparseSSEOutput,72,10,true,false,false,false,false,false,0
keaDebug.o,printCalcConstraintForcesInput,328,51,true,false,false,false,true,false,0
keaDebug.o,printMakeFromColMajorPSMInput,158,20,true,false,false,false,false,false,0
keaDebug.o,printMakeFromColMajorPSMOutput,611,112,true,false,false,false,true,false,0
keaDebug.o,printMakeFromColMajorPSMOutput_ps2smalldense,56,9,true,false,false,false,false,false,0
keaDebug.o,printMakeFromColMajorPSMOutput_ps2sparse,76,12,true,false,false,false,false,false,0
keaDebug.o,printFactoriserPS2SmallDenseOutput,56,9,true,false,false,false,false,false,0
keaDebug.o,printFactoriserPCSparseOutput,373,56,true,false,false,false,true,false,0
keaDebug.o,printPrinciplePivotTransformOutput,92,11,true,false,false,false,false,false,0
keaDebug.o,printGetFirstBadIndexInput,101,16,true,false,false,false,false,false,0
keaDebug.o,printSolveInput,75,10,true,false,false,false,false,false,0
keaDebug.o,printLCPOutput,31,9,true,false,false,false,false,false,1
keaDebug.o,putchar,26,12,true,false,false,false,false,false,2
MdtSkeletal.o,MdtSkeletalCreate,231,47,true,false,false,false,true,false,1
MdtSkeletal.o,MdtSkeletalReset,158,32,true,false,false,false,true,false,0
MdtSkeletal.o,MdtConstraintDCastSkeletal,26,6,true,false,false,false,false,false,0
MdtSkeletal.o,MdtSkeletalGetConeOption,14,6,true,false,false,false,false,false,0
MdtSkeletal.o,MdtSkeletalGetConePrimaryLimitAngle,41,12,true,false,false,false,true,false,0
MdtSkeletal.o,MdtSkeletalGetConeSecondaryLimitAngle,41,12,true,false,false,false,true,false,0
MdtSkeletal.o,MdtSkeletalGetConeStiffness,14,6,true,false,false,false,false,false,0
MdtSkeletal.o,MdtSkeletalGetConeDamping,14,6,true,false,false,false,false,false,0
MdtSkeletal.o,MdtSkeletalGetTwistOption,14,6,true,false,false,false,false,false,0
MdtSkeletal.o,MdtSkeletalGetTwistLimitAngle,41,12,true,false,false,false,true,false,0
MdtSkeletal.o,MdtSkeletalGetTwistStiffness,14,6,true,false,false,false,false,false,0
MdtSkeletal.o,MdtSkeletalGetTwistDamping,14,6,true,false,false,false,false,false,0
MdtSkeletal.o,MdtSkeletalZeroTwist,920,108,true,false,false,false,true,false,0
MdtSkeletal.o,MdtSkeletalSetConeOption,17,7,true,false,false,false,false,false,0
MdtSkeletal.o,MdtSkeletalSetConePrimaryLimitAngle,25,11,true,false,false,false,true,false,0
MdtSkeletal.o,MdtSkeletalSetConeSecondaryLimitAngle,25,11,true,false,false,false,true,false,0
MdtSkeletal.o,MdtSkeletalSetConeStiffness,17,7,true,false,false,false,false,false,0
MdtSkeletal.o,MdtSkeletalSetConeDamping,17,7,true,false,false,false,false,false,0
MdtSkeletal.o,MdtSkeletalSetTwistOption,17,7,true,false,false,false,false,false,0
MdtSkeletal.o,MdtSkeletalSetTwistLimitAngle,25,11,true,false,false,false,true,false,0
MdtSkeletal.o,MdtSkeletalSetTwistStiffness,17,7,true,false,false,false,false,false,0
MdtSkeletal.o,MdtSkeletalSetTwistDamping,17,7,true,false,false,false,false,false,0
MdtSkeletal.o,MeVector3Normalize,120,32,true,false,false,false,true,false,0
McdAggregate.o,McdAggregateGetTypeId,10,8,true,false,false,false,false,false,1
McdAggregate.o,McdAggregateRegisterType,59,12,true,false,false,false,false,false,1
McdAggregate.o,McdAggregateCreate,235,57,true,false,false,false,true,true,1
McdAggregate.o,McdAggregateAddElement,234,52,true,false,false,false,true,false,0
McdAggregate.o,McdAggregateRemoveElement,65,10,true,false,false,false,true,true,0
McdAggregate.o,McdAggregateGetElementCount,11,7,true,false,false,false,true,false,0
McdAggregate.o,McdAggregateGetElementCountMax,11,7,true,false,false,false,true,false,0
McdAggregate.o,McdAggregateGetElementGeometry,34,15,true,false,false,false,true,false,0
McdAggregate.o,McdAggregateGetElementTransformPtr,33,15,true,false,false,false,true,false,0
McdAggregate.o,McdAggregateDestroy,141,38,true,false,false,false,true,false,1
McdAggregate.o,McdAggregateUpdateAABB,910,148,true,false,false,false,true,false,0
McdAggregate.o,McdAggregateGetMassProperties,1118,167,true,false,false,false,true,true,0
McdAggregate.o,McdAggregateGenericIntersect,1047,179,true,false,false,false,true,true,1
McdAggregate.o,IxAggregateLineSegment,665,124,true,false,false,false,true,true,1
McdAggregate.o,McdAggregateGenericRegisterInteractions,87,24,true,false,false,false,true,false,0
McdAggregate.o,McdAggregateDebugDraw,309,68,true,false,false,false,true,true,0
McdAggregate.o,McdAggregateLineSegmentRegisterInteraction,29,9,true,false,false,false,false,false,1
McdAggregate.o,McdAggregateRegisterInteractions,99,19,true,false,false,false,true,false,0
McdAggregate.o,MeVector3Normalize,120,32,true,false,false,false,true,false,0
McdAggregate.o,CombineInertiaTensors,4149,187,true,false,false,false,false,false,0
McdPrimitivesRegisterTypes.o,McdPrimitivesRegisterTypes,49,10,true,false,false,false,false,false,0
MdtLinear1.o,MdtLinear1SetPosition,337,48,true,false,false,false,true,true,0
MdtLinear1.o,MdtLinear1Create,163,35,true,false,false,false,true,false,1
MdtLinear1.o,MdtLinear1Reset,92,20,true,false,false,false,true,false,0
MdtLinear1.o,MdtConstraintDCastLinear1,26,6,true,false,false,false,false,false,0
MdtLinear1.o,MdtLinear1GetPosition,34,7,true,false,false,false,false,false,0
IxSphereSphere.o,McdSphereSphereIntersect,618,112,true,false,false,false,true,true,0
IxSphereSphere.o,McdSphereSphereSafeTime,518,99,true,false,false,false,true,true,1
IxSphereSphere.o,McdSphereSphereRegisterInteraction,74,17,true,false,false,false,false,false,1
MdtWorld.o,MdtWorldCreate,425,52,true,false,false,false,true,true,1
MdtWorld.o,MdtWorldReset,373,44,true,false,false,false,false,false,0
MdtWorld.o,MdtWorldStep,732,152,true,false,false,false,true,true,0
MdtWorld.o,MdtWorldStepSafeTime,839,147,true,false,false,false,true,true,1
MdtWorld.o,MdtWorldDestroy,110,15,true,false,false,false,false,false,1
MdtWorld.o,MdtWorldGetMaxBodies,14,6,true,false,false,false,false,false,0
MdtWorld.o,MdtWorldGetMaxConstraints,14,6,true,false,false,false,false,false,0
MdtWorld.o,MdtWorldGetMaxMemoryPoolUsed,20,11,true,false,false,false,false,false,1
MdtWorld.o,MdtWorldGetKeaPoolChunk,13,8,true,false,false,false,false,false,1
MdtWorld.o,MdtWorldGetKeaTMChunk,13,8,true,false,false,false,false,false,1
MdtWorld.o,MdtWorldGetKeaConstraintsChunk,13,8,true,false,false,false,false,false,1
MdtWorld.o,MdtWorldGetPartitionOutputChunk,13,8,true,false,false,false,false,false,1
MdtWorld.o,MdtWorldGetGravity,37,9,true,false,false,false,false,false,0
MdtWorld.o,MdtWorldGetEpsilon,14,6,true,false,false,false,false,false,0
MdtWorld.o,MdtWorldGetGamma,14,6,true,false,false,false,false,false,0
MdtWorld.o,MdtWorldGetMinSafeTime,14,6,true,false,false,false,false,false,0
MdtWorld.o,MdtWorldGetTotalBodies,14,6,true,false,false,false,false,false,0
MdtWorld.o,MdtWorldGetEnabledBodies,14,6,true,false,false,false,false,false,0
MdtWorld.o,MdtWorldGetTotalConstraints,26,12,true,false,false,false,false,false,2
MdtWorld.o,MdtWorldGetEnabledConstraints,14,6,true,false,false,false,false,false,0
MdtWorld.o,MdtWorldGetAutoDisable,14,6,true,false,false,false,false,false,0
MdtWorld.o,MdtWorldGetAutoDisableVelocityThreshold,14,6,true,false,false,false,false,false,0
MdtWorld.o,MdtWorldGetAutoDisableAngularVelocityThreshold,14,6,true,false,false,false,false,false,0
MdtWorld.o,MdtWorldGetAutoDisableAccelerationThreshold,14,6,true,false,false,false,false,false,0
MdtWorld.o,MdtWorldGetAutoDisableAngularAccelerationThreshold,14,6,true,false,false,false,false,false,0
MdtWorld.o,MdtWorldGetAutoDisableAliveTime,14,6,true,false,false,false,false,false,0
MdtWorld.o,MdtWorldGetMaxMatrixSize,14,6,true,false,false,false,false,false,0
MdtWorld.o,MdtWorldGetMaxLCPIterations,14,6,true,false,false,false,false,false,0
MdtWorld.o,MdtWorldGetLODParams,73,13,true,false,false,false,false,false,0
MdtWorld.o,MdtWorldGetCheckSim,14,6,true,false,false,false,false,false,0
MdtWorld.o,MdtWorldGetSimErrorCB,14,6,true,false,false,false,false,false,0
MdtWorld.o,MdtWorldGetDefaultDensity,14,6,true,false,false,false,false,false,0
MdtWorld.o,MdtWorldSetEpsilon,17,7,true,false,false,false,false,false,0
MdtWorld.o,MdtWorldSetGamma,23,8,true,false,false,false,false,false,0
MdtWorld.o,MdtWorldSetGammaWithRefTimeStep,29,11,true,false,false,false,false,false,0
MdtWorld.o,MdtWorldSetMinSafeTime,17,7,true,false,false,false,false,false,0
MdtWorld.o,MdtWorldSetAutoDisable,17,7,true,false,false,false,false,false,0
MdtWorld.o,MdtWorldSetAutoDisableVelocityThreshold,17,7,true,false,false,false,false,false,0
MdtWorld.o,MdtWorldSetAutoDisableAngularVelocityThreshold,17,7,true,false,false,false,false,false,0
MdtWorld.o,MdtWorldSetAutoDisableAccelerationThreshold,17,7,true,false,false,false,false,false,0
MdtWorld.o,MdtWorldSetAutoDisableAngularAccelerationThreshold,17,7,true,false,false,false,false,false,0
MdtWorld.o,MdtWorldSetAutoDisableAliveTime,17,7,true,false,false,false,false,false,0
MdtWorld.o,MdtWorldSetMaxMatrixSize,84,35,true,false,false,false,false,false,0
MdtWorld.o,MdtWorldSetGravity,35,9,true,false,false,false,false,false,0
MdtWorld.o,MdtWorldSetDebugDrawing,17,7,true,false,false,false,false,false,0
MdtWorld.o,MdtWorldSetKeaDebugRequest,29,19,true,false,false,false,false,false,1
MdtWorld.o,MdtWorldResetForces,69,13,true,false,false,false,true,true,0
MdtWorld.o,MdtWorldSetMatrixSizeLog,57,18,true,false,false,false,true,false,0
MdtWorld.o,MdtWorldSetMaxLCPIterations,17,7,true,false,false,false,false,false,0
MdtWorld.o,MdtWorldSetLODParams,73,13,true,false,false,false,false,false,0
MdtWorld.o,MdtWorldSetSimErrorCB,26,8,true,false,false,false,false,false,0
MdtWorld.o,MdtWorldSetCheckSim,17,7,true,false,false,false,false,false,0
MdtWorld.o,MdtWorldForAllConstraints,69,14,true,false,false,false,true,false,0
MdtWorld.o,DrawPartitionContacts,351,52,true,false,false,false,true,true,2
MdtWorld.o,CheckSim,911,115,true,false,false,false,true,false,1
McdSphyl.o,McdSphylGetTypeId,10,8,true,false,false,false,false,false,1
McdSphyl.o,McdSphylRegisterType,59,11,true,false,false,false,false,false,1
McdSphyl.o,McdSphylCreate,101,27,true,false,false,false,true,true,2
McdSphyl.o,McdSphylSetRadius,31,11,true,false,false,false,true,false,0
McdSphyl.o,McdSphylGetRadius,11,6,true,false,false,false,false,false,0
McdSphyl.o,McdSphylSetHeight,37,11,true,false,false,false,true,false,0
McdSphyl.o,McdSphylGetHeight,13,6,true,false,false,false,false,false,0
McdSphyl.o,McdSphylDestroy,9,9,true,false,false,false,false,false,1
McdSphyl.o,McdSphylUpdateAABB,394,68,true,false,false,false,true,false,0
McdSphyl.o,McdSphylGetBSphere,35,11,true,false,false,false,true,false,0
McdSphyl.o,McdSphylMaximumPoint,250,53,true,false,false,false,true,false,0
McdSphyl.o,McdSphylGetMassProperties,263,46,true,false,false,false,true,false,0
MdtAngular3.o,MdtAngular3Create,172,33,true,false,false,false,true,false,1
MdtAngular3.o,MdtAngular3Reset,101,18,true,false,false,false,false,false,0
MdtAngular3.o,MdtConstraintDCastAngular3,26,6,true,false,false,false,false,false,0
MdtAngular3.o,MdtAngular3GetStiffness,14,6,true,false,false,false,false,false,0
MdtAngular3.o,MdtAngular3GetDamping,14,6,true,false,false,false,false,false,0
MdtAngular3.o,MdtAngular3RotationIsEnabled,14,6,true,false,false,false,false,false,0
MdtAngular3.o,Angular3SetBodies,93,15,true,false,false,false,true,false,0
MdtAngular3.o,MdtAngular3EnableRotation,17,7,true,false,false,false,false,false,0
MdtAngular3.o,MdtAngular3SetStiffness,17,7,true,false,false,false,false,false,0
MdtAngular3.o,MdtAngular3SetDamping,17,7,true,false,false,false,false,false,0
McdInteractions.o,McdNearby,213,41,true,false,false,false,true,false,0
McdInteractions.o,McdHello,131,35,true,false,false,false,true,true,0
McdInteractions.o,McdGoodbye,75,16,true,false,false,false,true,false,0
McdInteractions.o,McdIntersect,308,108,true,false,false,false,true,true,0
McdInteractions.o,McdIntersectAt,196,32,true,false,false,false,true,true,0
McdInteractions.o,McdSafeTime,137,23,true,false,false,false,true,false,0
McdInteractions.o,McdLineSegIntersect,74,23,true,false,false,false,true,true,0
McdInteractions.o,McdSetHelloCallback,14,7,true,false,false,false,false,false,0
McdInteractions.o,McdGetHelloCallback,11,6,true,false,false,false,false,false,0
McdInteractions.o,McdHelloEach,48,18,true,false,false,false,true,false,0
McdInteractions.o,McdGoodbyeEach,101,26,true,false,false,false,true,false,0
McdInteractions.o,McdIntersectEach,169,43,true,false,false,false,true,false,0
IxConvexLineSegment.o,IxConvexMeshLineSegment,1139,153,true,false,false,false,true,true,1
IxConvexLineSegment.o,McdConvexMeshLineSegmentRegisterInteraction,29,9,true,false,false,false,false,false,1
IxConvexPrimitives.o,McdSphylConvexMeshIntersect,749,95,true,false,false,false,true,true,0
Polynomial.o,PolynomialRoots,1173,205,true,false,false,false,true,false,0
Polynomial.o,BracketedRootN,526,100,true,false,false,false,true,false,0
McdGeometry.o,McdGeometryIsValid,34,13,true,false,false,false,false,true,0
McdGeometry.o,McdGeometryInit,68,23,true,false,false,false,false,false,0
McdGeometry.o,McdGeometryDeinit,75,27,true,false,false,false,true,false,1
McdGeometry.o,McdGeometryGetTypeName,27,9,true,false,false,false,false,false,0
McdGeometry.o,McdGeometryGetReferenceCount,13,6,true,false,false,false,false,false,0
McdGeometry.o,McdGeometryIncrementReferenceCount,17,7,true,false,false,false,false,false,0
McdGeometry.o,McdGeometryDecrementReferenceCount,17,7,true,false,false,false,false,false,0
McdGeometry.o,McdGeometrySetReferenceCount,14,7,true,false,false,false,false,false,0
McdGeometry.o,McdGeometryDestroy,72,16,true,false,false,false,true,false,0
McdGeometry.o,McdGeometryGetFramework,11,6,true,false,false,false,false,false,0
McdGeometry.o,McdGeometryGetLineSegIntersectFnPtr,28,6,true,false,false,false,false,false,0
McdGeometry.o,McdGeometryGetAABB,42,11,true,false,false,false,false,false,0
McdGeometry.o,McdGeometryGetBSphere,40,8,true,false,false,false,true,false,0
McdGeometry.o,McdGeometryMaximumPoint,56,12,true,false,false,false,true,false,0
McdGeometry.o,McdGeometryGetMassProperties,40,12,true,false,false,false,true,false,0
McdGeometry.o,McdGeometryDebugDraw,40,8,true,false,false,false,true,false,0
keaMatrix_tester.o,checkNorm,549,93,true,false,false,false,true,false,0
keaMatrix_tester.o,allocate,888,155,true,false,false,false,true,true,0
keaMatrix_tester.o,makeFromJMJT,100,16,true,false,false,false,false,false,0
keaMatrix_tester.o,makeFromColMajorPSM,255,53,true,false,false,false,true,false,0
keaMatrix_tester.o,factorize,40,10,true,false,false,false,false,false,0
keaMatrix_tester.o,solve,110,21,true,false,false,false,true,false,0
keaMatrix_tester.o,multiply,110,21,true,false,false,false,true,false,0
keaMatrix_tester.o,solveUnits,839,141,true,false,false,false,true,false,0
keaMatrix_tester.o,writebackMatrixChol,40,10,true,false,false,false,false,false,0
keaMatrix_tester.o,prefetchMatrixChol,40,10,true,false,false,false,false,false,0
keaMatrix_tester.o,putchar,26,12,true,false,false,false,false,false,2
MdtContactParams.o,MdtContactParamsReset,119,22,true,false,false,false,false,false,0
MdtContactParams.o,MdtContactParamsGetType,10,6,true,false,false,false,false,false,0
MdtContactParams.o,MdtContactParamsGetPrimaryFrictionModel,11,6,true,false,false,false,false,false,0
MdtContactParams.o,MdtContactParamsGetSecondaryFrictionModel,11,6,true,false,false,false,false,false,0
MdtContactParams.o,MdtContactParamsGetRestitution,11,6,true,false,false,false,false,false,0
MdtContactParams.o,MdtContactParamsGetRestitutionThreshold,11,6,true,false,false,false,false,false,0
MdtContactParams.o,MdtContactParamsGetSoftness,11,6,true,false,false,false,false,false,0
MdtContactParams.o,MdtContactParamsGetMaxAdhesiveForce,11,6,true,false,false,false,false,false,0
MdtContactParams.o,MdtContactParamsGetPrimaryFriction,11,6,true,false,false,false,false,false,0
MdtContactParams.o,MdtContactParamsGetPrimaryFrictionCoeffecient,11,6,true,false,false,false,false,false,0
MdtContactParams.o,MdtContactParamsGetPrimarySlip,11,6,true,false,false,false,false,false,0
MdtContactParams.o,MdtContactParamsGetPrimarySlide,11,6,true,false,false,false,false,false,0
MdtContactParams.o,MdtContactParamsGetSecondaryFriction,11,6,true,false,false,false,false,false,0
MdtContactParams.o,MdtContactParamsGetSecondaryFrictionCoeffecient,11,6,true,false,false,false,false,false,0
MdtContactParams.o,MdtContactParamsGetSecondarySlip,11,6,true,false,false,false,false,false,0
MdtContactParams.o,MdtContactParamsGetSecondarySlide,11,6,true,false,false,false,false,false,0
MdtContactParams.o,MdtContactParamsSetType,84,26,true,false,false,false,false,true,0
MdtContactParams.o,MdtContactParamsSetPrimaryFrictionModel,67,16,true,false,false,false,false,false,0
MdtContactParams.o,MdtContactParamsSetSecondaryFrictionModel,67,22,true,false,false,false,false,true,0
MdtContactParams.o,MdtContactParamsSetFrictionModel,100,26,true,false,false,false,false,true,0
MdtContactParams.o,MdtContactParamsSetRestitution,94,22,true,false,false,false,false,false,0
MdtContactParams.o,MdtContactParamsSetRestitutionThreshold,14,7,true,false,false,false,false,false,0
MdtContactParams.o,MdtContactParamsSetSoftness,94,24,true,false,false,false,false,false,0
MdtContactParams.o,MdtContactParamsSetMaxAdhesiveForce,49,13,true,false,false,false,false,false,0
MdtContactParams.o,MdtContactParamsSetPrimaryFriction,14,7,true,false,false,false,false,false,0
MdtContactParams.o,MdtContactParamsSetPrimaryFrictionCoeffecient,14,7,true,false,false,false,false,false,0
MdtContactParams.o,MdtContactParamsSetPrimarySlip,94,24,true,false,false,false,false,false,0
MdtContactParams.o,MdtContactParamsSetPrimarySlide,49,13,true,false,false,false,false,false,0
MdtContactParams.o,MdtContactParamsSetSecondaryFriction,14,7,true,false,false,false,false,false,0
MdtContactParams.o,MdtContactParamsSetSecondaryFrictionCoeffecient,14,7,true,false,false,false,false,false,0
MdtContactParams.o,MdtContactParamsSetSecondarySlip,94,21,true,false,false,false,false,false,0
MdtContactParams.o,MdtContactParamsSetSecondarySlide,55,13,true,false,false,false,false,false,0
MdtContactParams.o,MdtContactParamsSetSlip,186,45,true,false,false,false,false,true,0
MdtContactParams.o,MdtContactParamsSetFriction,62,19,true,false,false,false,false,false,0
MdtContactParams.o,MdtContactParamsSetFrictionCoeffecient,62,19,true,false,false,false,false,false,0
McdGjkRegistration.o,McdConvexMeshConvexMeshRegisterInteraction,74,17,true,false,false,false,false,false,1
McdGjkRegistration.o,McdConvexMeshPlaneRegisterInteraction,74,17,true,false,false,false,false,false,1
McdGjkRegistration.o,McdSphylConvexMeshRegisterInteraction,74,17,true,false,false,false,false,false,1
McdGjkRegistration.o,McdSphereConvexMeshRegisterInteraction,74,17,true,false,false,false,false,false,1
McdGjkRegistration.o,McdCylinderConvexMeshRegisterInteraction,74,17,true,false,false,false,false,false,1
McdGjkRegistration.o,McdBoxConvexMeshRegisterInteraction,74,17,true,false,false,false,false,false,1
IxBoxCylinder.o,BoxCylIntersect,8300,639,true,false,false,false,true,false,0
IxBoxCylinder.o,OverlapOBBCyl,2756,314,true,false,false,false,true,true,0
IxBoxCylinder.o,McdBoxCylinderIntersect,1306,145,true,false,false,false,true,true,1
IxBoxCylinder.o,McdBoxCylinderSafeTime,242,52,true,false,false,false,true,true,0
IxBoxCylinder.o,McdBoxCylinderRegisterInteraction,74,17,true,false,false,false,false,false,1
IxBoxCylinder.o,McdVanillaSegmentCubeIntersect,496,75,true,false,false,false,true,false,0
IxBoxCylinder.o,McdVanillaSegmentCylinderIntersect,903,139,true,false,false,false,true,false,0
McdGjk.o,McdGjkRandomVector,112,15,true,false,false,false,false,false,0
McdGjk.o,McdCacheInit,127,24,true,false,false,false,false,false,0
McdGjk.o,McdCacheHello,193,40,true,false,false,false,true,true,1
McdGjk.o,McdCacheGoodbye,51,16,true,false,false,false,true,false,1
McdGjk.o,McdGjkNextIsDuplicate,802,120,true,false,false,false,true,false,0
McdGjk.o,McdGjkComputeVector,237,60,true,false,false,false,true,false,0
McdGjk.o,McdGjkComputeNextVector,118,27,true,false,false,false,false,false,0
McdGjk.o,McdGjkNextAvailablePoint,82,21,true,false,false,false,false,false,0
McdGjk.o,McdGjkCrossProd,583,96,true,false,false,false,true,false,0
McdGjk.o,McdGjkAdjustPerpendicular,469,79,true,false,false,false,true,false,0
McdGjk.o,McdGjkComputeSupport,243,40,true,false,false,false,false,false,0
McdGjk.o,McdGjkFindNextSupportPoint,178,33,true,false,false,false,true,false,0
McdGjk.o,McdGjkUpdateDotCache,139,36,true,false,false,false,true,false,0
McdGjk.o,McdGjkUpdateDeltaCache,918,98,true,false,false,false,true,false,1
McdGjk.o,McdGjkMain,875,120,true,false,false,false,true,false,1
McdGjk.o,McdGjkTest,1062,143,true,false,false,false,true,false,0
McdGjk.o,McdWitnessPlaneTest,175,32,true,false,false,false,true,false,0
McdGjk.o,McdContactGen,909,131,true,false,false,false,true,true,1
McdGjk.o,McdGjkCgIntersect2,442,90,true,false,false,false,true,false,0
McdGjk.o,McdGjkCgIntersect,9,10,true,false,false,false,true,false,0
McdGjk.o,MeVector3Normalize,120,32,true,false,false,false,true,false,0
MdtUtils.o,MdtDictCompare,28,14,true,false,false,false,true,false,0
MdtUtils.o,MdtConvertVector,270,40,true,false,false,false,false,false,0
MdtUtils.o,MdtConvertPositionVector,511,62,true,false,false,false,false,false,0
MdtUtils.o,ConvertCOMVector,9,7,true,false,false,false,false,false,0
MdtUtils.o,ConvertCOMPositionVector,119,20,true,false,false,false,false,false,0
MdtUtils.o,MdtMakeInertiaTensorSphere,74,21,true,false,false,false,true,false,0
MdtUtils.o,MdtMakeInertiaTensorBox,124,17,true,false,false,false,true,false,0
MdtUtils.o,MdtLimitController,168,21,true,false,false,false,true,false,0
MdtUtils.o,UpdateBodyTransform,202,38,true,false,false,false,false,false,0
MdtUtils.o,UpdateCOMTransform,186,32,true,false,false,false,false,false,0
MdtUtils.o,GetCOMTransform,29,15,true,false,false,false,false,false,0
keaRbdCore_unified.o,MdtKeaAddConstraintForces,1516,229,true,false,false,false,true,true,2
MdtRPROJoint.o,MdtRPROJointCreate,324,58,true,false,false,false,true,false,1
MdtRPROJoint.o,MdtRPROJointReset,249,43,true,false,false,false,true,false,0
MdtRPROJoint.o,MdtConstraintDCastRPROJoint,26,6,true,false,false,false,false,false,0
MdtRPROJoint.o,MdtRPROJointGetAttachmentPosition,48,20,true,false,false,false,true,false,0
MdtRPROJoint.o,MdtRPROJointGetAttachmentQuaternion,54,20,true,false,false,false,true,false,0
MdtRPROJoint.o,MdtRPROJointGetRelativePosition,37,9,true,false,false,false,false,false,0
MdtRPROJoint.o,MdtRPROJointGetRelativeVelocity,37,9,true,false,false,false,false,false,0
MdtRPROJoint.o,MdtRPROJointGetRelativeQuaternion,46,11,true,false,false,false,true,false,0
MdtRPROJoint.o,MdtRPROJointGetRelativeAngularVelocity,37,10,true,false,false,false,true,false,0
MdtRPROJoint.o,MdtRPROJointGetAngularStrength,37,10,true,false,false,false,true,false,0
MdtRPROJoint.o,MdtRPROJointGetLinearStrength,37,10,true,false,false,false,true,false,0
MdtRPROJoint.o,MdtRPROJointSetAttachmentPosition,46,19,true,false,false,false,true,false,0
MdtRPROJoint.o,MdtRPROJointSetAttachmentQuaternion,76,22,true,false,false,false,true,false,0
MdtRPROJoint.o,MdtRPROJointSetRelativePosition,52,11,true,false,false,false,false,false,0
MdtRPROJoint.o,MdtRPROJointSetRelativeVelocity,52,11,true,false,false,false,false,false,0
MdtRPROJoint.o,MdtRPROJointSetRelativeQuaternion,45,10,true,false,false,false,false,false,0
MdtRPROJoint.o,MdtRPROJointSetRelativeAngularVelocity,37,10,true,false,false,false,true,false,0
MdtRPROJoint.o,MdtRPROJointSetAngularStrength,35,9,true,false,false,false,false,false,0
MdtRPROJoint.o,MdtRPROJointSetLinearStrength,35,9,true,false,false,false,false,false,0
McdPrimitivesRegisterInteractions.o,McdPrimitivesRegisterInteractions,170,25,true,false,false,false,false,false,0
MdtLOD.o,MdtLODLastPartition,2678,641,true,false,false,false,true,true,1
MdtLOD.o,ComparePenetration,63,14,true,false,false,false,true,false,0
MdtLOD.o,ConstraintCalcImportance,334,63,true,false,false,false,true,false,0
MdtLOD.o,CompareImportance,36,8,true,false,false,false,true,false,0
MdtLOD.o,ResizeConstraint,385,118,true,false,false,false,true,true,1
MdtLOD.o,MergePartitions,289,64,true,false,false,false,true,false,1
MdtLOD.o,IncrementConstraintRowBudget,246,49,true,false,false,false,true,false,1
keaCalcConstraintForces_vanilla.o,calculateConstraintAndResultantForces,226,64,true,false,false,false,true,false,0
keaCalcConstraintForces_vanilla.o,Multiply4VectorWith46Matrix,311,41,true,false,false,false,true,false,0
IxSphereTriList.o,McdSphereTriangleListIntersect,1687,221,true,false,false,false,true,true,0
IxSphereTriList.o,McdSphereTriangleListRegisterInteraction,74,17,true,false,false,false,false,false,1
IxSphereTriList.o,MeVector3Normalize,120,32,true,false,false,false,true,false,0
IxSphereTriList.o,McdVanillaOverlapSphereTri,1408,170,true,false,false,false,true,false,0
MdtHinge.o,MdtHingeCreate,136,29,true,false,false,false,true,false,1
MdtHinge.o,MdtHingeReset,69,14,true,false,false,false,false,false,0
MdtHinge.o,MdtConstraintDCastHinge,26,6,true,false,false,false,false,false,0
MdtHinge.o,MdtHingeGetLimit,13,8,true,false,false,false,false,false,1
MdtHinge.o,MdtHingeSetLimit,134,24,true,false,false,false,true,true,0
MdtSpring6.o,MdtSpring6Create,304,49,true,false,false,false,true,false,1
MdtSpring6.o,MdtSpring6Reset,229,34,true,false,false,false,true,false,0
MdtSpring6.o,MdtConstraintDCastSpring6,26,6,true,false,false,false,false,false,0
MdtSpring6.o,MdtSpring6GetLinearStiffness,27,12,true,false,false,false,false,false,0
MdtSpring6.o,MdtSpring6GetLinearDamping,27,12,true,false,false,false,false,false,0
MdtSpring6.o,MdtSpring6GetAngularStiffness,27,12,true,false,false,false,false,false,0
MdtSpring6.o,MdtSpring6GetAngularDamping,27,12,true,false,false,false,false,false,0
MdtSpring6.o,MdtSpring6GetWorldLinearVelocity,37,9,true,false,false,false,false,false,0
MdtSpring6.o,MdtSpring6GetWorldAngularVelocity,37,9,true,false,false,false,false,false,0
MdtSpring6.o,MdtSpring6SetLinearStiffness,26,9,true,false,false,false,false,false,0
MdtSpring6.o,MdtSpring6SetLinearDamping,26,9,true,false,false,false,false,false,0
MdtSpring6.o,MdtSpring6SetAngularStiffness,26,9,true,false,false,false,false,false,0
MdtSpring6.o,MdtSpring6SetAngularDamping,26,9,true,false,false,false,false,false,0
MdtSpring6.o,MdtSpring6SetWorldLinearVelocity,35,9,true,false,false,false,false,false,0
MdtSpring6.o,MdtSpring6SetWorldAngularVelocity,35,9,true,false,false,false,false,false,0
MdtSpring6.o,Spring6SetBodies,62,12,true,false,false,false,true,false,0
McdCylinder.o,McdCylinderGetTypeId,10,8,true,false,false,false,false,false,1
McdCylinder.o,McdCylinderRegisterType,59,11,true,false,false,false,false,false,1
McdCylinder.o,McdCylinderCreate,90,23,true,false,false,false,true,true,1
McdCylinder.o,McdCylinderGetRadius,11,6,true,false,false,false,false,false,0
McdCylinder.o,McdCylinderGetHeight,13,6,true,false,false,false,false,false,0
McdCylinder.o,McdCylinderGetHalfHeight,11,6,true,false,false,false,false,false,0
McdCylinder.o,McdCylinderSetRadius,34,10,true,false,false,false,true,false,0
McdCylinder.o,McdCylinderSetHeight,36,15,true,false,false,false,true,false,0
McdCylinder.o,McdCylinderSetGeometricalParameters,47,14,true,false,false,false,true,false,0
McdCylinder.o,McdCylinderDestroy,9,9,true,false,false,false,false,false,1
McdCylinder.o,McdCylinderUpdateAABB,757,120,true,false,false,false,true,false,0
McdCylinder.o,McdCylinderGetXYAABB,129,27,true,false,false,false,true,false,0
McdCylinder.o,McdCylinderGetBSphere,32,11,true,false,false,false,true,false,0
McdCylinder.o,McdCylinderGetBSphereRadius,11,6,true,false,false,false,false,false,0
McdCylinder.o,McdCylinderMaximumPoint,511,69,true,false,false,false,true,false,0
McdCylinder.o,McdCylinderMaximumPointLocal,168,35,true,false,false,false,true,false,0
McdCylinder.o,McdCylinderGetMassProperties,251,45,true,false,false,false,true,false,0
McdCylinder.o,McdCylinderDebugDraw,407,47,true,false,false,false,true,false,1
McdModelPair.o,McdModelPairCreate,67,19,true,false,false,false,true,false,1
McdModelPair.o,McdModelPairReset,56,14,true,false,false,false,false,false,0
McdModelPair.o,McdModelPairDestroy,23,10,true,false,false,false,false,false,2
McdModelPair.o,McdModelPairGetModels,23,8,true,false,false,false,false,false,0
McdModelPair.o,McdModelPairSetRequestPtr,14,7,true,false,false,false,false,false,0
McdModelPair.o,McdModelPairGetRequestPtr,11,6,true,false,false,false,false,false,0
McdModelPair.o,McdModelPairGetUserData,11,6,true,false,false,false,false,false,0
McdModelPair.o,McdModelPairSetUserData,14,7,true,false,false,false,false,false,0
keaCalcIworldandNonInertialForceandVhmf_vanilla.o,calcIworldandNonInertialForceandVhmf,1307,174,true,false,false,false,true,false,0
McdTriangleList.o,McdTriangleListGetTypeId,10,8,true,false,false,false,false,false,1
McdTriangleList.o,McdTriangleListRegisterType,59,12,true,false,false,false,false,false,1
McdTriangleList.o,McdTriangleListCreate,196,33,true,false,false,false,true,false,1
McdTriangleList.o,McdTriangleListSetBoundingBox,124,19,true,false,false,false,true,false,0
McdTriangleList.o,McdTriangleListGetBoundingBox,76,13,true,false,false,false,true,false,0
McdTriangleList.o,McdTriangleListSetMaxTriangles,14,8,true,false,false,false,true,false,0
McdTriangleList.o,McdTriangleListGetMaxTriangles,11,7,true,false,false,false,true,false,0
McdTriangleList.o,McdTriangleListSetGenerator,14,8,true,false,false,false,true,false,0
McdTriangleList.o,McdTriangleListGetBoundingBox,11,7,true,false,false,false,true,false,0
McdTriangleList.o,McdTriangleListDestroy,18,10,true,false,false,false,false,false,0
McdTriangleList.o,McdTriangleListUpdateAABB,846,104,true,false,false,false,true,false,0
McdTriangleList.o,McdTriangleListGetXYAABB,145,21,true,false,false,false,true,false,0
McdTriangleList.o,McdTriangleListGetBSphere,66,15,true,false,false,false,true,false,0
McdTriangleList.o,McdTriangleListMaximumPoint,48,12,true,false,false,false,false,false,1
McdTriangleList.o,McdTriangleListGetMassProperties,50,12,true,false,false,false,false,false,1
McdTriangleList.o,McdTriangleListGetUserData,11,6,true,false,false,false,false,false,0
McdTriangleList.o,McdTriangleListSetUserData,14,7,true,false,false,false,false,false,0
McdTriangleList.o,McdTriangleListDebugDraw,48,12,true,false,false,false,false,false,1
keaMakejlenandbl2body.o,singPartmakejlenandbl2body,342,77,true,false,false,false,true,false,0
keaMakejlenandbl2body.o,makejlenandbl2body,737,142,true,false,false,false,true,false,0
keaMatrix_PcSparse_vanilla.o,allocate,266,35,true,false,false,false,false,true,0
keaMatrix_PcSparse_vanilla.o,makeFromJMJT,1845,303,true,false,false,false,true,true,0
keaMatrix_PcSparse_vanilla.o,multiply,613,103,true,false,false,false,true,false,0
keaMatrix_PcSparse_vanilla.o,factorize,199,52,true,false,false,false,true,false,0
keaMatrix_PcSparse_vanilla.o,solve,1232,248,true,false,false,false,true,false,0
keaMatrix_PcSparse_vanilla.o,solveUnits,1753,329,true,false,false,false,true,false,0
keaMatrix_PcSparse_vanilla.o,Multiply46BlockBy46BlockTranspose,473,87,true,false,false,false,true,false,0
keaMatrix_PcSparse_vanilla.o,vc_strip_Cholesky,1165,152,true,false,false,false,true,false,0
keaMatrix_PcSparse_vanilla.o,vc_dstrip_Cholesky,1162,193,true,false,false,false,true,false,0
